Div,Date,HomeTeam,AwayTeam,FTHG,FTAG,FTR,HTHG,HTAG,HTR,Referee,HS,AS,HST,AST,HF,AF,HC,AC,HY,AY,HR,AR,B365H,B365D,B365A,BWH,BWD,BWA,IWH,IWD,IWA,LBH,LBD,LBA,PSH,PSD,PSA,WHH,WHD,WHA,VCH,VCD,VCA,Bb1X2,BbMxH,BbAvH,BbMxD,BbAvD,BbMxA,BbAvA,BbOU,BbMx>2.5,BbAv>2.5,BbMx<2.5,BbAv<2.5,BbAH,BbAHh,BbMxAHH,BbAvAHH,BbMxAHA,BbAvAHA
E2,08/08/15,Burton,Scunthorpe,2,1,H,0,0,D,K Wright,16,11,7,1,12,10,4,3,1,1,0,1,2.3,3.4,3.4,2.2,3.2,3,2.1,3.1,3,2.3,3.3,3.2,2.3,3.38,3.34,2.3,3.2,3.2,2.3,3.4,3.3,43,2.31,2.24,3.41,3.25,3.4,3.14,42,2.16,2.04,1.82,1.74,25,-0.25,1.99,1.93,1.94,1.88
E2,08/08/15,Chesterfield,Barnsley,3,1,H,0,1,A,A Woolmer,19,8,7,4,11,7,14,1,2,1,0,0,2.15,3.6,3.6,2,3.25,3.4,2.1,3.1,3,2.25,3.3,3.3,2.22,3.48,3.43,2.25,3.1,3.4,2.2,3.6,3.4,43,2.25,2.15,3.6,3.28,3.6,3.3,42,2.13,2.02,1.83,1.75,25,-0.25,1.93,1.87,2.02,1.94
E2,08/08/15,Colchester,Blackpool,2,2,D,1,2,A,J Linington,18,8,10,2,8,7,7,5,0,1,0,0,2.3,3.5,3.3,2.15,3.3,3,2.2,3.1,2.8,2.3,3.3,3.2,2.24,3.44,3.41,2.3,3.2,3.2,2.25,3.5,3.4,43,2.3,2.2,3.5,3.27,3.41,3.22,42,2.09,2,1.86,1.77,25,-0.25,1.94,1.88,2.01,1.93
E2,08/08/15,Coventry,Wigan,2,0,H,1,0,H,S Duncan,10,13,4,3,10,10,3,6,2,3,0,0,3.1,3.3,2.5,2.9,3.1,2.3,2.8,3.1,2.2,3,3.25,2.5,3.25,3.29,2.39,3.1,3.1,2.4,3.1,3.3,2.5,43,3.25,2.99,3.4,3.15,2.5,2.38,40,2.35,2.18,1.73,1.64,25,0.25,1.85,1.78,2.12,2.05
E2,08/08/15,Crewe,Port Vale,0,0,D,0,0,D,D Whitestone,5,13,2,6,9,13,3,10,1,0,0,0,2.55,3.5,2.9,2.3,3.25,2.8,2.3,3.1,2.6,2.5,3.25,2.9,2.58,3.39,2.87,2.62,3.1,2.8,2.55,3.5,2.88,43,2.62,2.47,3.5,3.25,2.94,2.77,42,2.13,2.02,1.83,1.75,23,-0.25,2.22,2.13,1.76,1.72
E2,08/08/15,Doncaster,Bury,1,1,D,0,0,D,E Ilderton,10,15,4,7,4,10,5,4,0,2,0,0,2.25,3.4,3.5,2.15,3.3,3,2,3.2,3.1,2.25,3.25,3.3,2.22,3.39,3.51,2.25,3.1,3.4,2.25,3.4,3.5,43,2.25,2.16,3.4,3.25,3.51,3.29,42,2.2,2.07,1.78,1.72,25,-0.25,1.92,1.87,2.02,1.94
E2,08/08/15,Fleetwood Town,Southend,1,1,D,1,0,H,D Webb,7,8,3,5,10,6,6,5,2,1,0,0,2.35,3.4,3.3,2.2,3.25,2.95,2.1,3.1,3,2.25,3.25,3.4,2.33,3.37,3.28,2.4,3.1,3.1,2.4,3.4,3.2,43,2.41,2.29,3.4,3.2,3.4,3.08,37,2.23,2.12,1.73,1.68,25,-0.25,2.08,1.99,1.9,1.83
E2,08/08/15,Gillingham,Sheffield United,4,0,H,2,0,H,L Collins,19,5,7,3,8,7,8,7,0,1,0,0,3.5,3.4,2.25,3.1,3.2,2.15,3,3.1,2.1,3.3,3.25,2.25,3.69,3.42,2.14,3.4,3.1,2.25,3.5,3.4,2.2,43,3.84,3.39,3.42,3.26,2.25,2.13,42,2.13,2.03,1.87,1.74,25,0.25,2.12,2,1.9,1.82
E2,08/08/15,Rochdale,Peterboro,2,0,H,1,0,H,A Haines,10,11,4,2,7,7,8,7,1,1,0,0,2.75,3.4,2.7,2.55,3.25,2.5,2.5,3,2.5,2.7,3.25,2.7,2.68,3.38,2.77,2.7,3.1,2.7,2.7,3.4,2.75,43,2.75,2.63,3.4,3.23,2.77,2.62,42,1.98,1.9,1.94,1.86,26,0,1.97,1.9,1.99,1.9
E2,08/08/15,Shrewsbury,Millwall,1,2,A,0,0,D,C Breakspear,5,9,1,7,18,17,4,5,4,1,0,0,2.4,3.4,3.2,2.2,3.1,3.1,2.4,3.1,2.5,2.45,3.25,3,2.39,3.27,3.27,2.4,3.1,3.1,2.38,3.4,3.25,43,2.45,2.33,3.4,3.18,3.27,3.04,40,2.26,2.13,1.8,1.68,24,0,1.75,1.68,2.29,2.18
E2,08/08/15,Swindon,Bradford,4,1,H,0,1,A,S Martin,15,6,6,3,9,14,3,5,3,2,0,0,2.5,3.4,3,2.25,3.1,3,2.2,3.1,2.8,2.4,3.25,3.1,2.39,3.37,3.18,2.5,3.1,3,2.45,3.4,3.1,43,2.5,2.35,3.4,3.23,3.18,2.97,42,2.07,1.97,2,1.79,25,-0.25,2.08,2.01,1.87,1.81
E2,08/08/15,Walsall,Oldham,1,1,D,1,0,H,M Brown,8,9,5,3,11,18,1,3,0,0,0,0,2.1,3.5,3.8,2.05,3.2,3.3,2.1,3.1,3,2.2,3.25,3.5,2.12,3.39,3.8,2.15,3.2,3.6,2.1,3.5,3.75,43,2.25,2.08,3.5,3.26,3.8,3.5,37,2.26,2.13,1.75,1.67,25,-0.25,1.87,1.8,2.1,2.02
E2,15/08/15,Barnsley,Burton,1,0,H,0,0,D,J Simpson,3,12,2,5,9,10,2,9,1,1,0,0,2.3,3.4,3.4,2.3,3.1,2.95,2,3.2,3.1,2.3,3.3,3.1,2.35,3.42,3.2,2.3,3.2,3.2,2.38,3.4,3.2,45,2.38,2.25,3.42,3.24,3.5,3.13,44,2.12,2.03,1.85,1.74,27,-0.25,2.06,1.95,1.91,1.87
E2,15/08/15,Blackpool,Rochdale,0,2,A,0,0,D,D Drysdale,6,15,2,6,6,10,6,6,2,1,0,0,3,3.4,2.5,2.75,3.2,2.35,2.5,3,2.5,2.8,3.4,2.4,3.09,3.38,2.46,2.9,3.2,2.3,3.1,3.5,2.4,45,3.1,2.91,3.5,3.26,2.5,2.36,44,2.08,1.96,1.9,1.81,25,0.25,1.86,1.79,2.13,2.03
E2,15/08/15,Bradford,Shrewsbury,1,1,D,1,0,H,G Sutton,12,6,4,3,14,14,6,2,1,2,0,0,2.25,3.5,3.4,2,3.25,3.4,1.9,3.2,3.4,2.3,3.3,3.2,2.29,3.4,3.33,2.3,3.2,3.2,2.3,3.5,3.3,45,2.3,2.2,3.5,3.26,3.5,3.24,39,2.15,2.06,1.79,1.72,25,-0.25,1.98,1.91,1.97,1.9
E2,15/08/15,Bury,Swindon,2,2,D,1,0,H,C Boyeson,13,7,8,2,18,11,3,4,1,2,0,0,2.3,3.5,3.25,2.2,3.25,2.95,2.2,3.1,2.8,2.4,3.3,3,2.44,3.48,3,2.3,3.2,3.2,2.45,3.5,3,45,2.45,2.31,3.5,3.28,3.3,2.99,44,1.97,1.89,1.96,1.87,27,-0.25,2.1,2,1.87,1.82
E2,15/08/15,Millwall,Coventry,0,4,A,0,3,A,A Woolmer,13,12,6,7,18,4,7,4,5,2,0,0,2.15,3.4,3.75,2,3.2,3.5,1.8,3.3,3.6,2.1,3.3,3.6,2.15,3.38,3.71,2.25,3.2,3.3,2.15,3.5,3.7,45,2.25,2.09,3.5,3.24,3.75,3.52,44,2.22,2.13,1.76,1.68,27,-0.5,2.15,2.09,1.81,1.76
E2,15/08/15,Oldham,Fleetwood Town,1,0,H,1,0,H,C Sarginson,10,15,2,9,8,12,3,10,0,2,0,0,2.25,3.4,3.5,2.2,3.1,3.1,2.2,3.1,2.8,2.38,3.3,3,2.32,3.37,3.31,2.3,3.2,3.2,2.3,3.4,3.4,45,2.38,2.24,3.4,3.21,3.5,3.2,39,2.2,2.12,1.75,1.68,27,-0.25,2,1.91,1.98,1.91
E2,15/08/15,Peterboro,Colchester,2,1,H,2,1,H,M Haywood,9,8,4,3,6,6,4,5,2,1,0,0,2,3.6,4,1.8,3.4,4,1.7,3.4,3.9,2,3.5,3.75,1.97,3.66,4,2,3.2,4,2,3.75,3.9,45,2,1.92,3.75,3.45,4.06,3.83,44,1.91,1.83,2.02,1.93,28,-0.5,1.98,1.93,1.95,1.89
E2,15/08/15,Port Vale,Gillingham,1,1,D,1,1,D,F Graham,10,9,4,5,13,15,4,2,1,6,0,0,2.4,3.4,3.2,2.2,3.2,3,2.3,3.1,2.6,2.4,3.3,3,2.45,3.38,3.08,2.4,3.1,3.1,2.45,3.4,3,45,2.45,2.34,3.5,3.25,3.2,2.97,44,2.03,1.91,1.95,1.85,26,-0.25,2.11,2.03,1.83,1.79
E2,15/08/15,Scunthorpe,Crewe,2,0,H,1,0,H,T Kettle,11,12,4,4,16,12,8,6,2,2,0,0,1.7,4,5.5,1.65,3.6,4.6,1.65,3.4,4.2,1.75,3.75,4.33,1.74,3.91,5.05,1.7,3.75,5,1.75,4,5,45,1.75,1.67,4,3.74,5.5,4.85,44,1.91,1.83,2.02,1.93,27,-0.75,1.96,1.88,2,1.94
E2,15/08/15,Sheffield United,Chesterfield,2,0,H,1,0,H,K Wright,9,11,5,2,18,12,2,14,2,2,0,0,1.95,3.6,4.33,1.9,3.4,3.6,1.75,3.4,3.7,2,3.4,3.75,1.97,3.56,4.13,1.91,3.3,3.8,1.95,3.6,4.1,45,2.05,1.92,3.6,3.38,4.33,3.87,44,2.05,1.96,1.93,1.81,28,-0.5,2,1.93,1.96,1.89
E2,15/08/15,Southend,Walsall,0,2,A,0,1,A,A Davies,13,17,3,8,14,11,4,6,2,2,0,0,2.25,3.4,3.5,2.1,3.2,3.2,2,3.2,3.1,2.3,3.3,3.2,2.31,3.36,3.33,2.3,3.2,3.2,2.3,3.4,3.3,45,2.35,2.22,3.4,3.2,3.5,3.23,39,2.27,2.14,1.71,1.66,27,-0.25,2.02,1.93,1.94,1.89
E2,16/08/15,Wigan,Doncaster,0,0,D,0,0,D,D Webb,9,10,4,4,16,12,3,14,2,0,0,0,2.15,3.4,3.8,1.87,3.4,3.7,1.8,3.3,3.6,2,3.4,3.75,2.1,3.42,3.74,2.1,3.2,3.75,2.15,3.4,3.7,44,2.15,2.04,3.5,3.26,4,3.59,43,2.22,2.1,1.8,1.7,26,-0.5,2.15,2.07,1.83,1.77
E2,18/08/15,Blackpool,Burton,1,2,A,1,0,H,G Eltringham,12,18,6,8,9,13,3,6,0,0,0,0,3.25,3.5,2.3,2.8,3.3,2.25,2.5,3,2.5,3.1,3.4,2.3,3.44,3.42,2.24,3.1,3.3,2.3,3.3,3.5,2.3,40,3.44,3.16,3.5,3.27,2.5,2.23,38,2.21,2.09,1.76,1.7,25,0.25,1.99,1.9,1.96,1.91
E2,18/08/15,Bradford,Gillingham,1,2,A,1,0,H,D Handley,7,14,4,4,8,15,2,7,1,3,0,0,2.1,3.5,3.75,1.95,3.3,3.5,2.1,3.1,3,2.1,3.4,3.5,2.11,3.51,3.69,2.1,3.3,3.6,2.1,3.5,3.75,40,2.11,2.05,3.51,3.35,3.85,3.52,39,2.06,1.98,1.87,1.78,25,-0.5,2.12,2.03,1.85,1.79
E2,18/08/15,Bury,Fleetwood Town,3,4,A,2,2,D,J Adcock,6,8,5,5,19,6,3,21,2,1,0,0,2,3.6,4,1.95,3.25,3.6,2,3.2,3.1,1.95,3.5,4,1.98,3.52,4.15,1.91,3.2,4.33,2,3.6,4.1,40,2,1.93,3.6,3.36,4.33,3.9,38,2.17,2.06,1.8,1.72,26,-0.5,2,1.93,1.94,1.88
E2,18/08/15,Colchester,Oldham,0,0,D,0,0,D,K Hill,9,2,2,1,16,15,5,6,1,1,0,0,2.38,3.4,3.25,2.2,3.25,2.95,2.2,3.1,2.8,2.4,3.4,2.88,2.37,3.42,3.16,2.3,3.3,3.1,2.38,3.4,3.13,40,2.4,2.28,3.43,3.28,3.25,3.03,39,2.04,1.96,1.9,1.81,25,-0.25,2.05,1.98,1.89,1.84
E2,18/08/15,Coventry,Crewe,3,2,H,1,1,D,T Robinson,27,6,9,3,12,15,7,1,0,0,0,0,1.62,4.2,6,1.6,3.6,5,1.6,3.5,4.5,1.62,4,5.5,1.59,4.18,6.14,1.62,3.8,5.5,1.62,4.2,6,40,1.63,1.57,4.2,3.89,6.14,5.64,39,1.92,1.85,2,1.91,26,-1,2.13,2.01,1.88,1.81
E2,18/08/15,Millwall,Barnsley,2,3,A,1,1,D,D Whitestone,10,12,3,5,13,11,7,6,1,2,0,0,2.2,3.4,3.6,2.1,3.25,3.2,2.2,3.1,2.8,2.1,3.4,3.5,2.14,3.42,3.71,2.15,3.25,3.5,2.2,3.4,3.6,39,2.25,2.12,3.42,3.28,3.71,3.39,37,2.17,2.07,1.79,1.71,24,-0.25,1.87,1.82,2.08,2
E2,18/08/15,Peterboro,Sheffield United,1,3,A,0,1,A,N Miller,21,19,3,4,9,10,2,5,5,2,0,0,2.8,3.4,2.7,2.5,3.2,2.6,2.3,3.1,2.6,2.7,3.25,2.7,2.87,3.34,2.61,2.7,3.1,2.7,2.88,3.4,2.63,40,2.88,2.72,3.4,3.21,2.7,2.55,39,2.08,1.98,1.85,1.78,26,0,2.05,1.97,1.9,1.83
E2,18/08/15,Rochdale,Walsall,1,2,A,0,0,D,D Webb,8,11,4,6,13,4,4,4,1,1,0,0,2.4,3.4,3.2,2.2,3.2,3,2.1,3.1,3,2.25,3.4,3.2,2.42,3.35,3.15,2.4,3.1,3.1,2.45,3.4,3.13,40,2.45,2.32,3.4,3.23,3.2,3.03,38,2.14,2.05,1.8,1.73,25,-0.25,2.1,2.01,1.86,1.81
E2,18/08/15,Shrewsbury,Chesterfield,1,2,A,0,0,D,M Heywood,10,11,3,2,9,6,0,4,2,1,0,0,2.4,3.4,3.2,2.35,3.2,2.8,2.3,3.1,2.6,2.38,3.4,3,2.42,3.38,3.12,2.38,3.25,3,2.5,3.4,3,40,2.5,2.36,3.4,3.23,3.2,2.96,38,2.14,2.06,1.79,1.72,25,-0.25,2.11,2.03,1.85,1.79
E2,18/08/15,Swindon,Port Vale,2,2,D,1,1,D,B Malone,7,10,3,3,11,12,2,7,2,3,0,0,1.91,3.6,4.5,1.85,3.4,3.75,1.75,3.4,3.7,1.83,3.5,4.33,1.96,3.67,4.04,1.83,3.4,4.5,2,3.6,4,40,2,1.89,3.67,3.45,4.5,3.95,39,2,1.89,1.97,1.87,26,-0.5,1.98,1.91,1.95,1.9
E2,19/08/15,Doncaster,Southend,0,0,D,0,0,D,S Stockbridge,12,9,2,5,6,14,8,8,1,2,0,0,2.2,3.4,3.6,2,3.25,3.4,2,3.2,3.1,2.05,3.3,3.6,2.2,3.39,3.55,2.2,3.2,3.4,2.25,3.4,3.5,41,2.25,2.14,3.4,3.25,3.6,3.37,40,2.22,2.1,1.77,1.71,24,-0.25,1.92,1.85,2.01,1.95
E2,19/08/15,Wigan,Scunthorpe,3,0,H,2,0,H,A Madley,14,5,5,2,16,12,6,1,1,1,0,0,2.1,3.5,3.8,1.95,3.3,3.5,2,3.2,3.1,1.91,3.4,4,2.14,3.51,3.61,2.05,3.3,3.75,2.15,3.5,3.6,41,2.15,2.05,3.51,3.33,4,3.54,40,2.08,1.99,1.86,1.78,27,-0.5,2.16,2.08,1.81,1.76
E2,22/08/15,Barnsley,Bradford,0,0,D,0,0,D,E Ilderton,8,11,2,4,9,15,2,9,2,1,0,0,2.45,3.4,3.1,2.25,3.1,3,2.3,3.1,2.6,2.38,3.3,3.1,2.5,3.41,2.97,2.5,3.1,3,2.5,3.4,3,40,2.5,2.38,3.41,3.25,3.1,2.9,39,2.05,1.96,1.87,1.8,25,-0.25,2.16,2.07,1.82,1.77
E2,22/08/15,Burton,Peterboro,2,1,H,1,0,H,G Salisbury,9,10,4,5,8,10,5,7,0,1,0,1,2.25,3.4,3.5,2.2,3.2,3,2.2,3.1,2.8,2.25,3.4,3.2,2.2,3.48,3.47,2.25,3.1,3.4,2.2,3.5,3.5,40,2.25,2.16,3.5,3.28,3.5,3.31,39,2,1.92,1.92,1.85,25,-0.25,1.91,1.86,2.04,1.96
E2,22/08/15,Chesterfield,Rochdale,0,0,D,0,0,D,K Hill,6,9,4,3,8,15,4,9,1,1,0,0,2.15,3.5,3.6,2.1,3.1,3.3,2.1,3.1,3,2.2,3.4,3.25,2.09,3.51,3.76,2.05,3.4,3.6,2.1,3.5,3.8,39,2.2,2.06,3.51,3.33,3.8,3.51,38,2.05,1.96,1.87,1.8,25,-0.25,1.82,1.77,2.15,2.06
E2,22/08/15,Crewe,Bury,3,3,D,2,2,D,O Langford,7,20,5,9,6,11,6,10,1,0,0,0,3.8,3.6,2.05,3.5,3.2,2,3.1,3.2,2,3.6,3.3,2.1,3.72,3.6,2.07,3.75,3.2,2.1,3.8,3.6,2.05,40,4,3.61,3.6,3.39,2.1,2,39,1.89,1.82,2.03,1.94,23,0.5,1.9,1.83,2.05,1.98
E2,22/08/15,Fleetwood Town,Colchester,4,0,H,2,0,H,C Kavanagh,12,15,9,6,12,13,6,5,1,1,0,0,2.1,3.5,3.8,2,3.2,3.5,2,3.2,3.1,2,3.4,3.8,2.06,3.52,3.83,2.1,3.1,3.75,2.1,3.5,3.8,40,2.15,2.03,3.52,3.31,3.83,3.61,39,2.08,2,1.85,1.77,26,-0.5,2.08,2.01,1.87,1.82
E2,22/08/15,Gillingham,Wigan,2,0,H,1,0,H,I Williamson,11,6,6,3,14,14,7,5,2,1,0,0,2.7,3.4,2.75,2.55,3.1,2.6,2.5,3,2.5,2.75,3.3,2.6,2.77,3.4,2.67,2.7,3.1,2.7,2.75,3.4,2.7,40,2.77,2.63,3.4,3.22,2.75,2.62,39,2.06,1.97,1.87,1.79,26,0,2,1.92,1.96,1.88
E2,22/08/15,Oldham,Shrewsbury,1,1,D,0,0,D,S Duncan,9,9,2,5,9,10,4,9,1,1,0,0,2.7,3.4,2.75,2.45,3.1,2.7,2.5,3,2.5,2.6,3.3,2.75,2.72,3.37,2.74,2.62,3.1,2.8,2.75,3.4,2.7,40,2.75,2.59,3.4,3.22,2.88,2.66,39,2.11,2.03,1.82,1.75,24,0,1.99,1.89,1.98,1.92
E2,22/08/15,Port Vale,Doncaster,3,0,H,1,0,H,R Lewis,19,5,9,2,8,9,8,1,1,3,0,0,2.63,3.4,2.88,2.45,3.1,2.7,2.5,3,2.5,2.7,3.25,2.7,2.66,3.37,2.8,2.7,3.1,2.7,2.7,3.4,2.75,40,2.7,2.56,3.4,3.22,2.88,2.7,39,2.11,2.03,1.82,1.74,26,0,1.93,1.86,2.02,1.94
E2,22/08/15,Scunthorpe,Millwall,0,0,D,0,0,D,R Clark,14,10,6,3,8,13,6,11,1,3,0,0,2.45,3.5,3,2.3,3.2,2.8,2.3,3.1,2.6,2.5,3.4,2.8,2.41,3.41,3.1,2.5,3.1,3,2.45,3.5,3,40,2.5,2.37,3.5,3.26,3.1,2.91,39,2.05,1.97,1.87,1.79,25,-0.25,2.11,2.04,1.85,1.79
E2,22/08/15,Sheffield United,Blackpool,2,0,H,0,0,D,D Deadman,10,8,4,2,7,8,5,3,2,1,0,0,1.4,5,9,1.36,4.4,7.25,1.4,3.9,6,1.4,4.5,8,1.4,4.81,9.03,1.4,4.5,8,1.4,5,8.5,40,1.41,1.37,5,4.56,9.03,8.14,34,1.83,1.75,2.08,2,24,-1.25,1.94,1.88,1.99,1.93
E2,22/08/15,Southend,Swindon,0,1,A,0,0,D,A Woolmer,13,8,4,2,10,4,8,0,2,2,0,0,2.4,3.5,3.1,2.25,3.1,3,2.3,3.1,2.6,2.5,3.4,2.8,2.33,3.44,3.22,2.4,3.1,3.1,2.38,3.5,3.13,40,2.5,2.31,3.5,3.28,3.22,3,39,2.05,1.97,1.87,1.8,25,-0.25,2.04,1.97,1.9,1.84
E2,22/08/15,Walsall,Coventry,2,1,H,1,0,H,J Simpson,17,11,6,4,8,13,2,4,1,1,0,0,2.4,3.4,3.2,2.15,3.1,3.2,2.3,3.1,2.6,2.5,3.4,2.8,2.47,3.41,3.01,2.4,3.1,3.1,2.45,3.4,3,40,2.5,2.35,3.41,3.23,3.25,2.97,39,2.06,1.98,1.89,1.8,25,-0.25,2.14,2.04,1.84,1.79
E2,29/08/15,Blackpool,Walsall,0,4,A,0,1,A,E Ilderton,14,19,4,10,4,7,5,5,0,0,0,0,4.5,3.75,1.85,4.33,3.3,1.78,3.5,3.2,1.85,4.33,3.5,1.85,4.45,3.56,1.91,4.5,3.4,1.85,4.5,3.75,1.85,39,4.76,4.28,3.75,3.45,1.91,1.83,38,2.13,2.03,1.85,1.75,25,0.5,2.06,2,1.9,1.84
E2,29/08/15,Bradford,Port Vale,1,0,H,0,0,D,J Simpson,7,8,4,3,14,17,5,1,3,4,0,0,2.2,3.4,3.6,2.05,3.25,3.3,2,3.2,3.1,2,3.5,3.75,2.22,3.5,3.4,2.2,3.2,3.4,2.2,3.5,3.5,39,2.22,2.12,3.5,3.32,3.75,3.38,38,2.04,1.95,1.93,1.82,19,-0.25,1.92,1.85,2.01,1.96
E2,29/08/15,Bury,Oldham,1,1,D,0,1,A,R East,10,7,3,3,11,13,5,4,1,1,0,0,2,3.5,4.2,1.85,3.25,3.9,1.9,3.2,3.4,2,3.4,3.75,1.95,3.59,4.17,2,3.25,4,1.95,3.6,4.1,39,2,1.92,3.6,3.39,4.2,3.91,38,2.08,1.98,1.86,1.79,25,-0.5,1.96,1.92,1.97,1.91
E2,29/08/15,Colchester,Scunthorpe,2,2,D,1,2,A,D Whitestone,10,7,6,3,14,16,7,3,4,3,0,0,2.8,3.4,2.7,2.6,3.1,2.55,2.45,3.1,2.45,2.7,3.25,2.7,2.72,3.45,2.68,2.7,3.1,2.7,2.75,3.4,2.63,39,2.88,2.66,3.45,3.26,2.7,2.58,38,2.02,1.91,1.93,1.86,25,0,2.02,1.95,1.93,1.87
E2,29/08/15,Doncaster,Fleetwood Town,2,0,H,2,0,H,T Kettle,9,13,7,1,14,14,3,9,0,3,0,0,2.15,3.6,3.5,1.95,3.3,3.5,2,3.2,3.1,2.1,3.4,3.4,2.19,3.51,3.47,2.2,3.1,3.5,2.2,3.6,3.4,39,2.2,2.11,3.6,3.35,3.6,3.37,38,2.09,2.01,1.85,1.77,24,-0.25,1.91,1.86,2.04,1.97
E2,29/08/15,Millwall,Chesterfield,0,2,A,0,1,A,D Deadman,4,9,2,5,10,10,4,7,1,0,0,0,2.6,3.3,3,2.35,3,2.9,2.4,3.1,2.5,2.38,3.3,3,2.62,3.33,2.87,2.6,3.1,2.88,2.6,3.3,2.88,39,2.62,2.5,3.35,3.21,3,2.79,38,2.02,1.95,1.9,1.83,24,0,1.87,1.82,2.06,2
E2,29/08/15,Peterboro,Gillingham,1,1,D,0,0,D,K Stroud,20,15,11,4,12,14,6,5,3,1,0,0,2.4,3.4,3.2,2.2,3.2,3,2.1,3.1,3,2.38,3.4,2.9,2.4,3.46,3.08,2.4,3.1,3.1,2.45,3.4,3,39,2.45,2.34,3.46,3.27,3.2,2.97,38,2.02,1.92,1.92,1.85,24,-0.25,2.1,2.03,1.86,1.81
E2,29/08/15,Rochdale,Barnsley,3,0,H,2,0,H,G Sutton,12,5,7,1,9,8,6,3,1,1,0,0,2.1,3.4,4,2,3.3,3.4,2,3.2,3.1,2.1,3.4,3.5,2.03,3.54,3.94,2.1,3.1,3.8,2.05,3.6,3.9,39,2.1,2,3.6,3.35,4,3.69,38,2.07,2,1.86,1.78,17,-0.25,1.77,1.74,2.2,2.14
E2,29/08/15,Shrewsbury,Burton,0,1,A,0,0,D,M Haywood,14,5,1,3,10,16,3,3,0,2,0,0,2.25,3.5,3.4,2.05,3.25,3.25,2,3.2,3.1,2.3,3.3,3.2,2.27,3.45,3.34,2.3,3.1,3.3,2.25,3.5,3.4,39,2.3,2.19,3.5,3.28,3.5,3.25,38,2.12,2.02,1.85,1.76,24,-0.25,1.96,1.9,2.02,1.94
E2,29/08/15,Swindon,Sheffield United,0,2,A,0,0,D,C Sarginson,10,9,1,6,11,11,0,7,3,1,0,0,2.9,3.4,2.6,2.8,3.2,2.35,2.6,3.1,2.3,2.7,3.3,2.6,2.86,3.41,2.58,2.8,3.1,2.6,2.88,3.4,2.6,38,3,2.77,3.45,3.25,2.6,2.49,37,2.06,1.98,1.86,1.79,18,0,2.1,2.02,1.86,1.79
E2,29/08/15,Wigan,Crewe,1,0,H,1,0,H,D Coote,15,9,9,2,16,5,8,3,3,1,0,0,1.53,4.33,7,1.5,3.8,5.75,1.5,3.7,5,1.57,4,6,1.56,4.32,6.31,1.55,4,6,1.57,4.33,6.25,39,1.57,1.53,4.33,3.97,7,6.08,38,1.87,1.79,2.07,1.98,25,-1,2.01,1.95,1.94,1.88
E2,31/08/15,Coventry,Southend,2,2,D,1,2,A,D Handley,18,13,8,6,11,14,9,3,2,4,0,0,2.2,3.25,3.25,2.15,3.1,3.25,1.9,3.2,3.4,2.05,3.4,3.6,2.27,3.33,3.45,2.15,3.2,3.6,2.3,3.4,3.3,36,2.3,2.16,3.5,3.22,3.6,3.35,35,2.1,2,1.83,1.76,20,-0.25,1.96,1.91,1.96,1.92
E2,05/09/15,Barnsley,Shrewsbury,1,2,A,1,1,D,S Attwell,13,9,2,3,12,9,9,4,3,2,0,0,2.63,3.3,2.9,2.45,3.1,2.7,2.3,3.1,2.6,2.4,3.4,2.9,2.62,3.46,2.78,2.62,3.1,2.8,2.7,3.4,2.8,43,2.7,2.54,3.46,3.22,2.9,2.7,38,2.07,2,1.86,1.78,25,0,1.92,1.85,2.01,1.95
E2,05/09/15,Chesterfield,Wigan,2,3,A,0,0,D,M Brown,11,16,3,8,9,7,5,3,1,0,0,0,2.15,3.6,3.5,2.1,3.2,3.2,2.1,3.1,3,2.2,3.4,3.25,2.14,3.54,3.57,2.15,3.3,3.4,2.15,3.6,3.6,43,2.2,2.09,3.6,3.35,3.6,3.37,40,2.11,1.99,1.84,1.77,25,-0.25,1.87,1.82,2.07,2.01
E2,05/09/15,Crewe,Swindon,1,3,A,0,0,D,R Clark,15,11,6,5,5,11,7,2,1,1,0,0,3.4,3.6,2.2,3.25,3.4,2,3.4,3.2,1.9,3.5,3.4,2.1,3.41,3.55,2.2,3.5,3.25,2.15,3.3,3.6,2.2,43,3.55,3.31,3.6,3.34,2.21,2.12,40,1.86,1.78,2.07,1.98,24,0.25,2.04,1.96,1.91,1.85
E2,05/09/15,Fleetwood Town,Rochdale,1,1,D,0,0,D,G Eltringham,10,13,4,5,8,8,3,4,2,1,0,0,2.75,3.4,2.75,2.4,3.2,2.7,2.5,3,2.5,2.5,3.3,2.8,2.77,3.37,2.68,2.7,3.1,2.7,2.75,3.4,2.7,42,2.77,2.62,3.4,3.2,2.8,2.63,39,2.12,2.02,1.82,1.74,25,0,1.98,1.9,1.96,1.9
E2,05/09/15,Gillingham,Doncaster,1,0,H,0,0,D,C Sarginson,16,10,5,4,8,5,10,0,0,0,0,0,2.25,3.4,3.5,2.15,3.2,3.1,2.1,3.1,3,2.25,3.4,3.2,2.18,3.48,3.51,2.2,3.3,3.3,2.2,3.4,3.6,42,2.25,2.14,3.48,3.3,3.6,3.31,39,2.11,2.03,1.83,1.75,24,-0.25,1.88,1.83,2.06,1.98
E2,05/09/15,Oldham,Bradford,1,2,A,0,1,A,A Haines,10,14,5,5,10,20,3,7,2,2,1,0,2.8,3.4,2.7,2.6,3.2,2.5,2.4,3.1,2.5,2.6,3.3,2.75,2.79,3.31,2.7,2.7,3.1,2.7,2.8,3.4,2.63,43,2.8,2.64,3.4,3.19,2.75,2.61,40,2.23,2.09,1.76,1.7,26,0,2.02,1.93,1.93,1.87
E2,05/09/15,Scunthorpe,Blackpool,0,1,A,0,1,A,T Harrington,23,5,10,2,12,7,6,2,1,2,0,0,1.62,4,6.5,1.5,3.9,5.5,1.45,3.8,5.4,1.62,3.75,6,1.65,4.11,5.58,1.6,3.75,6,1.67,4.1,5.5,43,1.67,1.59,4.2,3.78,6.5,5.65,38,1.9,1.84,2.01,1.92,25,-1,2.17,2.07,1.8,1.76
E2,05/09/15,Southend,Peterboro,2,1,H,1,0,H,S Hooper,20,9,8,3,15,9,2,11,1,1,0,0,2.25,3.5,3.4,2,3.3,3.4,2,3.2,3.1,2.3,3.4,3.1,2.21,3.49,3.43,2.25,3.2,3.3,2.25,3.5,3.4,43,2.3,2.15,3.5,3.32,3.43,3.26,40,2.05,1.94,1.9,1.83,25,-0.25,1.94,1.87,2,1.94
E2,05/09/15,Walsall,Bury,0,1,A,0,1,A,F Graham,15,5,6,3,4,10,9,2,0,2,0,0,2.25,3.5,3.4,2.25,3.2,2.9,2.3,3.1,2.6,2.25,3.4,3.2,2.21,3.46,3.45,2.3,3.1,3.3,2.25,3.5,3.3,43,2.3,2.2,3.5,3.28,3.5,3.18,40,2.07,1.98,1.87,1.78,25,-0.25,1.95,1.9,2.01,1.91
E2,06/09/15,Burton,Coventry,1,2,A,1,1,D,P Bankes,11,9,3,2,8,8,13,6,1,1,0,0,2.3,3.5,3.25,2.3,3.2,2.8,2.4,3.1,2.5,2.3,3.4,3.1,2.28,3.41,3.35,2.38,3.25,3,2.25,3.5,3.25,42,2.4,2.26,3.5,3.27,3.4,3.07,39,2.14,2.03,1.8,1.74,24,-0.25,2,1.95,1.94,1.86
E2,12/09/15,Barnsley,Swindon,4,1,H,2,1,H,D Bond,12,8,5,3,12,11,2,3,2,1,0,0,2.5,3.6,2.88,2.5,3.3,2.5,2.4,3.1,2.5,2.5,3.3,2.7,2.61,3.6,2.74,2.5,3.2,2.88,2.55,3.6,2.8,36,2.61,2.47,3.6,3.36,2.88,2.72,33,1.9,1.82,2.06,1.95,24,0,1.9,1.83,2.08,1.99
E2,12/09/15,Burton,Rochdale,1,0,H,1,0,H,C Boyeson,12,5,4,0,13,15,3,4,3,3,0,0,2.7,3.3,2.88,2.3,3.3,2.75,2.4,3.1,2.5,2.5,3.1,2.8,2.66,3.28,2.87,2.7,3,2.8,2.63,3.4,2.8,36,2.7,2.55,3.4,3.18,2.9,2.75,33,2.12,2.03,1.83,1.76,23,0,1.89,1.84,2.04,1.98
E2,12/09/15,Chesterfield,Colchester,3,3,D,1,1,D,I Williamson,8,23,5,10,11,8,1,9,2,0,1,0,1.73,4,5,1.62,3.7,4.6,1.6,3.5,4.5,1.7,3.6,4.75,1.74,3.94,5.02,1.73,3.6,5,1.75,4,5,36,1.75,1.69,4,3.76,5.1,4.76,33,1.84,1.77,2.11,2.01,24,-0.75,1.95,1.9,1.99,1.92
E2,12/09/15,Crewe,Millwall,1,3,A,1,1,D,D Handley,10,12,6,5,4,16,9,8,1,1,0,0,3.5,3.5,2.2,3.2,3.2,2.1,3,3.1,2.1,3.4,3.3,2.1,3.49,3.56,2.16,3.5,3.1,2.2,3.5,3.6,2.15,36,3.6,3.38,3.6,3.34,2.2,2.1,34,2,1.92,1.97,1.85,24,0.25,2.07,2,1.88,1.83
E2,12/09/15,Fleetwood Town,Bradford,1,1,D,1,1,D,D Coote,11,9,3,2,11,15,3,4,1,1,0,0,3,3.4,2.5,2.5,3.25,2.55,2.5,3.1,2.4,2.8,3.1,2.5,2.9,3.34,2.6,2.9,3,2.6,2.9,3.4,2.6,36,3,2.81,3.4,3.2,2.6,2.48,34,2.23,2.13,1.77,1.68,24,0,2.09,2.03,1.86,1.8
E2,12/09/15,Gillingham,Blackpool,2,1,H,1,0,H,G Sutton,14,9,4,1,9,8,7,3,2,3,0,0,1.62,4.33,5.75,1.5,3.9,5.75,1.6,3.5,4.5,1.62,3.6,5.75,1.6,4.12,6.35,1.62,3.8,5.5,1.65,4.2,5.5,36,1.63,1.58,4.33,3.87,6.35,5.59,33,1.95,1.88,1.96,1.89,23,-1,2.14,2.07,1.85,1.77
E2,12/09/15,Oldham,Peterboro,1,5,A,0,2,A,S Stockbridge,23,17,9,10,10,11,13,6,2,3,0,0,2.7,3.4,2.8,2.4,3.3,2.6,2.4,3.1,2.5,2.62,3.1,2.7,2.72,3.43,2.73,2.7,3.1,2.7,2.7,3.4,2.75,36,2.72,2.6,3.5,3.24,2.8,2.66,33,2.07,2,1.85,1.78,24,0,1.96,1.9,1.98,1.92
E2,12/09/15,Port Vale,Wigan,3,2,H,1,0,H,M Haywood,11,9,5,4,12,7,7,5,3,2,0,1,2.7,3.4,2.8,2.4,3.3,2.6,2.4,3.1,2.5,2.5,3.1,2.75,2.61,3.45,2.81,2.7,3,2.8,2.63,3.4,2.8,36,2.75,2.53,3.45,3.24,2.81,2.72,33,2.07,1.99,1.86,1.79,24,0,1.89,1.84,2.04,1.98
E2,12/09/15,Scunthorpe,Coventry,1,0,H,0,0,D,A Haines,12,3,5,0,11,13,10,5,4,1,0,0,2.88,3.5,2.55,2.8,3.2,2.3,2.6,3.1,2.3,2.75,3.3,2.4,2.77,3.52,2.63,2.8,3.1,2.6,2.9,3.5,2.55,36,2.9,2.75,3.52,3.3,2.63,2.48,33,2.04,1.95,1.9,1.82,23,0.25,1.79,1.73,2.27,2.14
E2,12/09/15,Sheffield United,Bury,1,3,A,0,0,D,D Webb,14,6,6,4,8,17,14,1,4,5,0,0,1.95,3.6,4.33,1.87,3.3,3.8,1.85,3.2,3.5,1.95,3.3,4,1.98,3.61,4.1,2,3.25,4,2,3.6,4.1,36,2,1.93,3.61,3.39,4.33,3.93,33,2.07,1.98,1.86,1.79,25,-0.5,1.98,1.92,1.96,1.9
E2,12/09/15,Southend,Shrewsbury,0,1,A,0,0,D,D Whitestone,5,13,1,6,15,6,5,7,1,3,0,0,2.15,3.5,3.6,2,3.25,3.4,2.1,3.1,3,2.1,3.2,3.5,2.16,3.51,3.59,2.1,3.2,3.3,2.15,3.5,3.6,36,2.25,2.1,3.54,3.29,3.64,3.41,32,2.2,2.11,1.75,1.7,24,-0.25,1.89,1.83,2.07,2
E2,12/09/15,Walsall,Doncaster,2,0,H,0,0,D,K Wright,12,10,3,5,12,8,7,4,2,2,0,0,1.91,3.6,4.5,1.8,3.4,4,1.85,3.2,3.5,1.85,3.4,4.33,1.92,3.65,4.36,1.91,3.2,4.5,1.93,3.6,4.4,37,1.94,1.86,3.65,3.43,4.5,4.16,32,2.17,2.04,1.81,1.74,25,-0.5,1.92,1.87,2.02,1.95
E2,15/09/15,Port Vale,Millwall,0,2,A,0,0,D,O Langford,11,17,3,10,7,14,6,11,2,3,0,0,2.3,3.5,3.3,2.2,3.3,2.9,2.3,3.1,2.6,2.3,3.1,3.2,2.34,3.43,3.27,2.3,3.2,3.2,2.38,3.5,3.13,43,2.4,2.26,3.5,3.28,3.3,3.07,38,2.06,1.95,1.88,1.8,25,-0.25,2.05,1.96,1.92,1.86
E2,15/09/15,Sheffield United,Colchester,2,3,A,0,2,A,D Handley,12,16,6,8,7,11,8,4,1,2,0,1,1.62,4.33,5.75,1.62,3.8,4.5,1.45,3.8,5.4,1.6,3.8,5.5,1.64,4.29,5.48,1.62,4.2,5,1.65,4.3,5.4,40,1.69,1.61,4.33,3.92,5.75,5.16,37,1.76,1.71,2.19,2.07,25,-0.75,1.88,1.79,2.1,2.02
E2,19/09/15,Blackpool,Barnsley,1,1,D,0,1,A,C Kavanagh,6,9,4,4,17,11,5,5,3,3,0,0,3.5,3.6,2.15,3.3,3.25,2.05,3,3.1,2.1,3.2,3.4,2.15,3.33,3.63,2.22,3.4,3.25,2.2,3.3,3.6,2.2,39,3.5,3.24,3.63,3.37,2.25,2.13,32,1.91,1.84,2.02,1.93,16,0.5,1.77,1.72,2.23,2.14
E2,19/09/15,Bury,Port Vale,1,0,H,0,0,D,D Drysdale,6,7,3,1,8,9,9,12,0,0,0,0,2.38,3.5,3.1,2.15,3.2,3.1,2.2,3.1,2.8,2.25,3.3,3,2.3,3.51,3.27,2.4,3.1,3.1,2.38,3.5,3.13,39,2.4,2.27,3.53,3.29,3.36,3.02,34,2.01,1.93,1.91,1.84,23,-0.25,2.05,1.98,1.97,1.85
E2,19/09/15,Colchester,Gillingham,2,1,H,2,1,H,C Breakspear,8,15,3,6,8,18,3,8,3,4,0,0,2.75,3.6,2.63,2.65,3.3,2.4,2.5,3.1,2.4,2.62,3.4,2.5,2.72,3.65,2.61,2.7,3.2,2.62,2.8,3.6,2.55,39,2.8,2.67,3.65,3.36,2.63,2.47,34,1.9,1.81,2.06,1.96,23,0,2.06,1.99,1.89,1.82
E2,19/09/15,Coventry,Chesterfield,1,0,H,0,0,D,D Bond,20,6,8,1,5,10,13,3,1,2,0,1,2.6,3.5,2.8,2.55,3.2,2.55,2.3,3.1,2.6,2.5,3.3,2.7,2.62,3.52,2.8,2.6,3.1,2.8,2.6,3.5,2.8,39,2.62,2.49,3.52,3.27,2.9,2.72,34,1.97,1.89,1.96,1.88,23,0,1.89,1.83,2.05,1.98
E2,19/09/15,Doncaster,Oldham,1,1,D,1,1,D,A Woolmer,14,6,1,2,8,15,5,7,0,3,0,0,2.25,3.4,3.5,2.1,3.3,3.1,2,3.2,3.1,2.15,3.2,3.4,2.24,3.38,3.55,2.25,3.1,3.4,2.25,3.5,3.4,38,2.29,2.17,3.5,3.26,3.55,3.24,31,2.15,2.06,1.83,1.74,21,-0.25,1.97,1.9,1.99,1.92
E2,19/09/15,Millwall,Southend,0,2,A,0,1,A,M Haywood,13,4,6,2,6,11,12,1,0,2,0,0,2.38,3.4,3.2,2.3,3.2,2.85,2.2,3.1,2.8,2.3,3.2,3,2.43,3.35,3.18,2.4,3.1,3.1,2.4,3.4,3.13,39,2.43,2.33,3.4,3.22,3.25,2.98,34,2.06,1.99,1.86,1.79,23,-0.25,2.07,2.01,1.87,1.82
E2,19/09/15,Peterboro,Walsall,1,1,D,0,0,D,M Heywood,9,18,5,8,7,11,5,7,0,0,1,0,3,3.4,2.5,2.65,3.2,2.45,2.5,3.1,2.4,2.88,3.25,2.4,2.91,3.45,2.55,2.8,3.1,2.62,2.9,3.4,2.5,39,3,2.81,3.45,3.25,2.62,2.43,34,2.02,1.92,1.94,1.85,22,0,2.15,2.07,1.82,1.76
E2,19/09/15,Rochdale,Scunthorpe,2,1,H,0,0,D,P Bankes,10,11,4,4,10,9,3,1,0,2,0,0,2,3.6,4,1.91,3.4,3.5,1.85,3.2,3.5,2,3.4,3.6,2.04,3.6,3.89,2.05,3.2,3.8,2.05,3.6,3.9,39,2.05,1.98,3.6,3.35,4,3.67,32,2.13,2.06,1.81,1.73,23,-0.5,2.05,1.99,1.89,1.83
E2,19/09/15,Shrewsbury,Crewe,0,1,A,0,1,A,A Madley,15,4,6,2,11,12,6,1,0,1,0,0,1.67,3.8,6,1.6,3.6,5,1.6,3.5,4.5,1.65,3.8,5,1.68,4.07,5.47,1.67,3.6,5.5,1.7,4,5.4,39,1.73,1.63,4.07,3.7,6,5.25,32,1.91,1.84,2,1.93,23,-0.75,1.88,1.83,2.07,2
E2,19/09/15,Swindon,Burton,0,1,A,0,1,A,S Duncan,13,10,4,4,11,10,3,1,0,2,0,0,2.5,3.4,3,2.3,3.1,2.9,2.3,3.1,2.6,2.4,3.3,2.8,2.51,3.52,2.92,2.5,3.2,2.9,2.45,3.5,3,39,2.51,2.4,3.52,3.25,3,2.84,34,2.07,1.99,1.86,1.78,22,-0.25,2.17,2.08,1.83,1.77
E2,19/09/15,Wigan,Fleetwood Town,2,1,H,1,0,H,F Graham,10,10,4,2,12,13,9,4,2,2,0,0,2,3.6,4,1.85,3.3,3.9,1.85,3.2,3.5,1.95,3.5,3.6,2.05,3.68,3.77,2.05,3.3,3.75,2.05,3.6,3.8,39,2.05,1.98,3.68,3.4,4,3.64,34,2.03,1.94,1.91,1.83,24,-0.5,2.05,1.98,1.9,1.84
E2,20/09/15,Bradford,Sheffield United,2,2,D,1,0,H,N Swarbrick,8,8,6,3,11,15,6,9,1,2,0,0,2.7,3.4,2.75,2.55,3.2,2.55,2.5,3,2.5,2.6,3.3,2.62,2.69,3.45,2.76,2.7,3.1,2.7,2.7,3.4,2.8,38,2.75,2.58,3.45,3.21,2.88,2.67,34,2.2,2.09,1.79,1.7,24,0,1.96,1.87,2.01,1.94
E2,26/09/15,Barnsley,Gillingham,2,0,H,2,0,H,D Deadman,7,9,5,3,9,10,5,6,3,2,0,0,2.7,3.4,2.75,2.45,3.2,2.65,2.4,3.1,2.5,2.5,3.3,2.62,2.68,3.45,2.76,2.7,3.1,2.7,2.63,3.4,2.75,40,2.7,2.56,3.45,3.25,2.76,2.64,36,1.92,1.85,2,1.91,24,0,1.94,1.87,1.99,1.93
E2,26/09/15,Bradford,Peterboro,0,2,A,0,0,D,P Tierney,5,14,1,4,16,17,7,5,4,1,0,0,1.95,3.6,4.2,1.87,3.3,3.8,1.8,3.3,3.6,1.91,3.4,4,1.94,3.67,4.19,1.95,3.25,4.2,2,3.5,4.1,40,2,1.89,3.67,3.41,4.5,3.96,36,2.07,1.98,1.86,1.79,23,-0.5,1.96,1.91,1.96,1.91
E2,26/09/15,Bury,Coventry,2,1,H,1,0,H,N Miller,7,14,4,5,11,14,2,10,0,1,0,0,2.5,3.4,3,2.5,2.95,2.75,2.3,3.1,2.6,2.4,3.25,2.8,2.54,3.42,2.95,2.62,3.1,2.8,2.55,3.4,2.9,40,2.62,2.44,3.42,3.21,3,2.79,36,2.05,1.96,1.87,1.79,23,0,1.82,1.77,2.14,2.04
E2,26/09/15,Chesterfield,Burton,1,2,A,1,0,H,D Webb,9,21,5,7,11,8,2,7,1,3,0,0,2.4,3.5,3.1,2.1,3.3,3.1,2,3.2,3.1,2.25,3.4,3,2.33,3.56,3.17,2.38,3.2,3.1,2.3,3.5,3.25,40,2.45,2.24,3.56,3.31,3.25,3.06,36,2.11,2.01,1.82,1.75,23,-0.25,2,1.95,1.94,1.87
E2,26/09/15,Fleetwood Town,Port Vale,1,2,A,1,0,H,S Stockbridge,10,10,5,3,13,13,4,8,4,2,0,0,2.65,3.4,2.8,2.45,3.2,2.65,2.4,3.1,2.5,2.5,3.3,2.7,2.68,3.43,2.78,2.62,3.1,2.8,2.63,3.5,2.8,40,2.68,2.54,3.5,3.21,2.9,2.69,36,2.08,1.99,1.88,1.77,24,0,1.91,1.86,2.03,1.95
E2,26/09/15,Millwall,Rochdale,3,1,H,2,1,H,J Adcock,6,11,4,4,12,10,7,7,1,2,0,0,2.55,3.5,2.88,2.45,3.25,2.6,2.4,3.1,2.5,2.5,3.25,2.75,2.59,3.46,2.87,2.5,2.9,2.9,2.55,3.5,2.88,40,2.6,2.48,3.5,3.22,2.9,2.75,36,2.09,1.97,1.87,1.79,24,0,1.88,1.82,2.06,1.99
E2,26/09/15,Oldham,Wigan,1,1,D,0,1,A,D Handley,10,6,3,5,19,10,5,5,3,1,0,1,3.3,3.5,2.3,2.9,3.25,2.25,2.6,3.1,2.3,3,3.3,2.25,3.17,3.51,2.35,3.2,3.2,2.3,3.13,3.5,2.38,40,3.3,3,3.51,3.27,2.4,2.28,36,2.07,1.97,1.87,1.79,23,0.25,1.9,1.85,2.06,1.98
E2,26/09/15,Sheffield United,Doncaster,3,1,H,2,1,H,M Heywood,20,10,6,2,15,11,7,5,2,0,0,1,1.85,3.75,4.5,1.72,3.6,4.1,1.7,3.4,3.9,1.83,3.5,4.2,1.89,3.71,4.4,1.83,3.4,4.5,1.87,3.75,4.5,40,1.91,1.81,3.75,3.48,4.5,4.23,36,2.02,1.93,1.92,1.83,20,-0.75,2.17,2.11,1.8,1.75
E2,26/09/15,Shrewsbury,Blackpool,2,0,H,0,0,D,D England,18,6,8,2,9,11,9,7,0,4,0,0,1.67,3.8,6,1.67,3.4,4.75,1.65,3.4,4.2,1.65,3.75,5.25,1.68,3.92,5.7,1.67,3.6,5.5,1.7,4,5.5,40,1.7,1.64,4,3.67,6,5.2,36,2.09,1.98,1.89,1.78,22,-0.75,1.9,1.85,2.04,1.97
E2,26/09/15,Southend,Scunthorpe,2,1,H,1,1,D,K Johnson,9,12,6,6,12,13,4,5,1,3,0,0,2.3,3.5,3.25,2.1,3.25,3.2,2,3.2,3.1,2.2,3.3,3.2,2.22,3.5,3.47,2.3,3.2,3.2,2.3,3.5,3.3,40,2.3,2.19,3.5,3.28,3.5,3.18,36,2.11,2.02,1.82,1.75,23,-0.25,1.96,1.92,1.98,1.91
E2,26/09/15,Swindon,Colchester,1,2,A,1,2,A,O Langford,12,14,3,6,7,10,7,8,0,1,0,0,2.38,3.6,3.1,2.25,3.2,2.9,2.3,3.1,2.6,2.25,3.5,2.9,2.34,3.69,3.01,2.38,3.2,3.1,2.38,3.6,3,40,2.38,2.29,3.69,3.37,3.2,2.93,36,1.75,1.68,2.26,2.12,22,-0.25,2.06,1.99,1.89,1.83
E2,26/09/15,Walsall,Crewe,1,1,D,1,1,D,J Linington,21,7,9,2,13,7,14,4,1,2,0,0,1.5,4.33,8,1.4,4.1,7,1.45,3.8,5.4,1.48,4.2,7,1.52,4.48,7.04,1.5,4,7,1.53,4.4,7,40,1.53,1.47,4.48,4.09,8,6.66,36,1.84,1.74,2.14,2.03,23,-1,1.89,1.82,2.08,2.01
E2,29/09/15,Blackpool,Chesterfield,2,0,H,1,0,H,S Duncan,8,12,7,2,5,10,5,4,1,1,0,0,3.75,3.6,2.1,3.2,3.3,2.05,3.5,3.2,1.85,3.5,3.4,2.05,3.67,3.58,2.11,3.75,3.3,2.05,3.6,3.6,2.1,42,4,3.57,3.6,3.37,2.11,2.02,38,1.95,1.86,2,1.9,25,0.5,1.86,1.81,2.1,2.03
E2,29/09/15,Burton,Sheffield United,0,0,D,0,0,D,C Kavanagh,10,7,2,3,10,9,5,9,1,0,0,0,2.5,3.4,3,2.5,3.25,2.55,2.5,3.1,2.4,2.4,3.3,2.8,2.53,3.4,2.97,2.5,3.2,2.9,2.55,3.5,2.9,42,2.6,2.45,3.5,3.24,3,2.82,38,2.07,2,1.84,1.77,25,0,1.89,1.8,2.09,2.02
E2,29/09/15,Colchester,Bradford,2,0,H,2,0,H,K Stroud,9,8,6,3,13,6,3,5,1,1,0,0,2.8,3.5,2.6,2.8,3.25,2.3,2.3,3.1,2.6,2.7,3.4,2.5,2.78,3.57,2.6,2.8,3.1,2.6,2.75,3.5,2.6,42,2.86,2.7,3.57,3.28,2.63,2.51,37,1.85,1.76,2.13,2.01,25,0,2.04,1.96,1.91,1.85
E2,29/09/15,Crewe,Southend,1,2,A,0,0,D,D Bond,4,2,2,2,4,6,5,7,0,2,0,0,4,3.5,2.05,3.4,3.25,2,3,3.1,2.1,3.6,3.4,2,3.78,3.53,2.09,4,3.4,1.95,3.8,3.5,2.05,42,4,3.63,3.57,3.37,2.1,2,38,2.07,1.99,1.86,1.78,25,0.5,1.87,1.82,2.09,2.01
E2,29/09/15,Doncaster,Swindon,2,2,D,0,0,D,B Toner,17,7,5,5,13,12,5,3,2,3,0,0,2.4,3.4,3.2,2.3,3.25,2.8,2.3,3.1,2.6,2.25,3.3,3,2.37,3.47,3.17,2.3,3.3,3.1,2.4,3.4,3.13,42,2.45,2.3,3.47,3.26,3.2,3.02,38,2.05,1.98,1.86,1.79,24,-0.25,2.09,2,1.9,1.84
E2,29/09/15,Gillingham,Fleetwood Town,5,1,H,4,1,H,T Robinson,11,6,7,2,15,18,6,7,2,2,0,1,2,3.6,4,1.87,3.3,3.75,1.8,3.3,3.6,1.95,3.3,3.8,2.02,3.58,3.97,2,3.2,4,2,3.6,4.1,42,2.04,1.98,3.6,3.35,4.1,3.74,38,2.03,1.94,1.89,1.83,25,-0.5,2.05,1.99,1.88,1.84
E2,29/09/15,Peterboro,Bury,2,3,A,1,1,D,S Martin,18,16,4,7,9,9,9,7,2,3,1,0,2.5,3.4,3,2.45,3.25,2.6,2.4,3.1,2.5,2.4,3.4,2.8,2.51,3.56,2.9,2.5,3.2,2.9,2.5,3.5,2.9,42,2.55,2.41,3.56,3.28,3,2.82,38,1.89,1.83,2.02,1.94,24,0,1.82,1.76,2.13,2.06
E2,29/09/15,Port Vale,Oldham,1,1,D,0,1,A,K Johnson,7,10,3,4,8,13,9,3,1,5,0,0,2,3.5,4.2,1.85,3.4,3.8,1.9,3.2,3.4,1.91,3.3,4.2,1.93,3.51,4.55,2,3.2,4,2,3.5,4.2,42,2,1.92,3.51,3.34,4.55,3.99,37,2.2,2.12,1.76,1.69,25,-0.5,1.97,1.92,1.99,1.91
E2,29/09/15,Rochdale,Shrewsbury,3,2,H,3,2,H,S Stockbridge,8,14,4,5,20,12,4,10,3,3,0,0,2.25,3.5,3.4,2.05,3.3,3.2,2,3.2,3.1,2.2,3.3,3.25,2.27,3.45,3.39,2.2,3.2,3.4,2.25,3.5,3.4,42,2.27,2.18,3.5,3.26,3.5,3.27,37,2.19,2.12,1.78,1.69,24,-0.25,1.98,1.92,1.97,1.91
E2,29/09/15,Scunthorpe,Walsall,0,1,A,0,1,A,P Tierney,5,9,3,3,14,9,5,3,1,1,0,0,3.2,3.4,2.4,2.75,3.4,2.25,2.6,3.1,2.3,3,3.25,2.3,3.16,3.44,2.39,3.1,3.1,2.4,3.1,3.4,2.45,42,3.2,2.99,3.44,3.25,2.45,2.32,37,2.1,2.01,1.85,1.76,24,0.25,1.86,1.82,2.07,2.01
E2,29/09/15,Wigan,Millwall,2,2,D,0,0,D,G Eltringham,8,5,5,2,9,11,8,3,1,3,0,0,2.4,3.5,3.1,2.15,3.25,3.1,2.1,3.1,3,2.3,3.25,3,2.44,3.42,3.1,2.25,3.3,3.2,2.45,3.5,3,42,2.45,2.3,3.5,3.26,3.25,3.01,38,2.07,1.99,1.84,1.78,24,-0.25,2.14,2.04,1.84,1.8
E2,03/10/15,Blackpool,Swindon,1,0,H,1,0,H,D Webb,13,8,5,3,15,10,8,4,1,3,0,0,3.1,3.5,2.4,2.85,3.3,2.25,2.8,3.1,2.2,2.9,3.3,2.3,3.13,3.53,2.37,3.1,3.1,2.4,2.9,3.6,2.4,41,3.13,2.89,3.6,3.33,2.5,2.33,35,1.92,1.84,2,1.92,23,0.25,1.86,1.8,2.11,2.03
E2,03/10/15,Burton,Southend,1,0,H,0,0,D,T Kettle,16,4,3,1,7,16,9,5,2,2,0,0,2.15,3.5,3.6,2.05,3.3,3.25,2.1,3.1,3,2.1,3.3,3.5,2.1,3.64,3.65,2.15,3.2,3.5,2.1,3.6,3.5,41,2.25,2.07,3.64,3.36,3.65,3.4,34,2.08,1.98,1.86,1.8,23,-0.25,1.85,1.81,2.08,2.02
E2,03/10/15,Colchester,Bury,0,1,A,0,0,D,S Hooper,13,4,7,2,9,14,10,5,1,1,0,0,2.5,3.6,2.9,2.5,3.2,2.6,2.45,3.1,2.45,2.4,3.3,2.75,2.46,3.57,2.95,2.62,3.2,2.7,2.45,3.6,2.8,41,2.62,2.44,3.6,3.31,2.95,2.74,35,1.9,1.81,2.09,1.96,24,0,1.86,1.8,2.14,2.02
E2,03/10/15,Coventry,Shrewsbury,3,0,H,2,0,H,C Sarginson,18,6,9,2,11,13,9,2,1,2,0,0,2.25,3.5,3.4,2.1,3.2,3.2,2,3.2,3.1,2.2,3.3,3.1,2.23,3.53,3.4,2.25,3.2,3.3,2.2,3.5,3.3,41,2.3,2.18,3.53,3.31,3.5,3.17,33,2.17,2.06,1.8,1.73,21,-0.25,1.95,1.9,1.98,1.92
E2,03/10/15,Crewe,Chesterfield,1,2,A,1,1,D,R Joyce,12,9,2,4,7,13,5,4,0,3,0,0,3.8,3.6,2.05,3.8,3.4,1.85,3.5,3.2,1.85,3.6,3.4,2,3.82,3.59,2.06,3.75,3.4,2,3.8,3.6,2,40,4,3.63,3.6,3.4,2.1,1.98,35,1.97,1.86,1.98,1.9,23,0.5,1.92,1.85,2.07,1.97
E2,03/10/15,Doncaster,Barnsley,2,1,H,1,0,H,L Mason,7,11,2,5,10,10,5,3,2,0,0,0,2.4,3.4,3.2,2.2,3.25,2.95,2,3.2,3.1,2.4,3.25,2.8,2.47,3.41,3.06,2.5,3.2,2.88,2.45,3.4,3,41,2.62,2.38,3.41,3.26,3.2,2.86,36,2.11,2,1.86,1.77,22,-0.25,2.13,2.07,1.82,1.77
E2,03/10/15,Gillingham,Oldham,3,3,D,2,2,D,J Adcock,12,8,5,2,10,15,5,7,1,3,0,0,1.91,3.75,4.33,1.9,3.25,3.75,1.85,3.2,3.5,1.91,3.4,4,1.91,3.73,4.27,1.95,3.2,4.2,1.91,3.7,4.1,41,2,1.89,3.75,3.45,4.33,3.92,35,2.06,1.97,1.86,1.8,24,-0.5,1.94,1.89,2,1.93
E2,03/10/15,Peterboro,Millwall,5,3,H,2,0,H,C Boyeson,21,22,9,7,11,14,3,9,0,3,0,0,2.6,3.6,2.75,2.35,3.4,2.65,2.3,3.1,2.6,2.4,3.5,2.62,2.59,3.67,2.72,2.6,3.4,2.62,2.55,3.6,2.7,41,2.6,2.47,3.67,3.38,2.88,2.67,33,1.86,1.78,2.1,1.99,20,-0.25,2.27,2.15,1.77,1.72
E2,03/10/15,Port Vale,Sheffield United,2,1,H,2,0,H,G Salisbury,9,14,3,8,13,7,5,7,0,2,0,0,3,3.4,2.5,2.75,3.25,2.35,2.6,3.1,2.3,2.8,3.3,2.4,2.93,3.52,2.5,2.8,3.3,2.5,2.8,3.5,2.5,40,3,2.75,3.52,3.28,2.63,2.45,35,2.04,1.95,1.94,1.81,22,0.25,1.78,1.73,2.2,2.13
E2,03/10/15,Rochdale,Bradford,1,3,A,1,1,D,R Harrington,10,15,5,5,12,17,6,10,1,2,0,0,2.38,3.5,3.1,2.2,3.2,3,2.3,3.1,2.6,2.3,3.4,2.9,2.36,3.58,3.1,2.4,3.2,3,2.38,3.4,3.1,41,2.4,2.29,3.58,3.3,3.25,2.97,28,2.17,2.08,1.75,1.7,23,-0.25,2.05,2,1.9,1.84
E2,03/10/15,Scunthorpe,Fleetwood Town,1,0,H,0,0,D,R Lewis,5,4,1,3,7,15,9,1,1,2,0,0,2.1,3.5,3.75,2.05,3.3,3.2,2.2,3.1,2.8,2.1,3.3,3.3,2.19,3.5,3.53,2.2,3.2,3.4,2.1,3.5,3.6,41,2.2,2.08,3.5,3.31,3.75,3.39,30,2.15,2.05,1.77,1.72,23,-0.25,1.88,1.81,2.09,2.02
E2,03/10/15,Wigan,Walsall,0,0,D,0,0,D,A Haines,12,17,2,4,11,6,6,3,1,3,1,0,2.6,3.4,2.9,2.6,3,2.6,2.5,3,2.5,2.5,3.2,2.75,2.63,3.39,2.84,2.62,3.2,2.7,2.55,3.3,2.88,41,2.63,2.53,3.5,3.22,2.9,2.71,36,2.06,1.98,1.86,1.79,23,0,1.88,1.83,2.07,1.98
E2,10/10/15,Barnsley,Crewe,1,2,A,1,1,D,M Brown,18,5,8,5,14,1,8,8,2,2,0,0,1.6,4.33,6,1.57,3.6,5.5,1.6,3.5,4.5,1.57,3.8,5.5,1.61,4.2,6.05,1.57,3.8,6,1.6,4.3,5.5,43,1.62,1.57,4.33,3.93,6.05,5.49,34,1.87,1.78,2.05,1.97,24,-0.75,1.79,1.75,2.17,2.1
E2,10/10/15,Bury,Wigan,2,2,D,1,0,H,G Salisbury,6,18,3,5,16,3,4,11,3,2,1,0,2.63,3.6,2.75,2.5,3.3,2.5,2.3,3.1,2.6,2.5,3.25,2.75,2.55,3.46,2.91,2.62,3.1,2.8,2.6,3.5,2.7,44,2.65,2.52,3.6,3.27,2.91,2.71,40,2.02,1.92,1.94,1.84,22,-0.25,2.28,2.19,1.75,1.69
E2,10/10/15,Chesterfield,Gillingham,1,3,A,1,1,D,N Kinseley,8,9,3,4,7,13,8,3,2,1,0,0,2.45,3.7,2.88,2.45,3.25,2.6,2.2,3.1,2.8,2.38,3.6,2.75,2.43,3.74,2.88,2.5,3.3,2.8,2.4,3.7,2.8,43,2.51,2.39,3.74,3.44,2.88,2.76,34,1.81,1.75,2.13,2,24,-0.25,2.16,2.08,1.83,1.77
E2,10/10/15,Fleetwood Town,Coventry,0,1,A,0,0,D,M Heywood,11,16,4,5,11,10,6,11,1,0,0,0,3,3.5,2.45,2.65,3.2,2.45,2.5,3.1,2.4,2.8,3.25,2.4,2.96,3.41,2.54,3.1,3.1,2.4,2.8,3.5,2.5,44,3.1,2.83,3.5,3.26,2.54,2.43,38,2.03,1.93,1.95,1.82,24,0.25,1.78,1.74,2.19,2.11
E2,10/10/15,Oldham,Scunthorpe,2,4,A,2,2,D,G Eltringham,5,11,3,10,11,8,3,4,1,1,0,0,2.63,3.4,2.88,2.55,3,2.65,2.4,3.1,2.5,2.62,3.3,2.62,2.6,3.45,2.86,2.7,3.1,2.7,2.63,3.4,2.75,44,2.7,2.53,3.45,3.23,2.88,2.71,40,2.17,2.07,1.81,1.72,26,0,1.91,1.85,2.05,1.96
E2,10/10/15,Sheffield United,Rochdale,3,2,H,2,1,H,O Langford,8,13,7,6,6,11,5,3,0,1,0,0,2.1,3.75,3.5,2.05,3.3,3.25,2.1,3.1,3,2,3.5,3.5,2.07,3.67,3.71,2.15,3.25,3.5,2.05,3.6,3.6,43,2.15,2.04,3.75,3.42,3.75,3.45,34,2.01,1.9,1.95,1.85,23,-0.5,2.14,2.03,1.85,1.79
E2,10/10/15,Shrewsbury,Colchester,4,2,H,0,2,A,L Swabey,8,8,6,5,16,14,2,4,1,3,0,0,2.45,3.5,3,2.2,3.3,2.9,2.3,3.1,2.6,2.4,3.3,2.8,2.46,3.53,2.98,2.5,3.2,2.9,2.4,3.6,2.9,44,2.5,2.39,3.6,3.33,3.01,2.83,35,1.9,1.83,2.02,1.92,24,-0.25,2.14,2.07,1.81,1.77
E2,10/10/15,Southend,Port Vale,1,0,H,0,0,D,I Williamson,12,13,2,4,10,12,4,5,3,3,0,0,2.3,3.6,3.2,2.2,3.2,3,2.1,3.1,3,2.25,3.4,3,2.27,3.61,3.24,2.3,3.3,3.1,2.25,3.5,3.2,43,2.4,2.24,3.61,3.34,3.24,3.06,39,2.16,2.05,1.81,1.74,25,-0.25,1.99,1.94,1.95,1.89
E2,10/10/15,Swindon,Peterboro,1,2,A,0,1,A,A Madley,12,8,1,3,3,10,4,4,1,3,0,0,2.9,3.6,2.5,2.6,3.2,2.5,2.4,3.1,2.5,2.75,3.4,2.4,2.88,3.65,2.48,2.75,3.25,2.6,2.8,3.6,2.45,44,2.9,2.73,3.65,3.38,2.6,2.44,35,1.73,1.67,2.28,2.13,26,0,2.11,2,1.87,1.81
E2,10/10/15,Walsall,Burton,2,0,H,1,0,H,T Robinson,12,9,5,3,14,12,2,7,1,0,0,0,2.2,3.4,3.6,2.1,3.1,3.3,2.2,3.1,2.8,2.1,3.3,3.4,2.2,3.45,3.57,2.25,3.2,3.3,2.2,3.4,3.4,43,2.3,2.16,3.45,3.25,3.6,3.31,34,2.25,2.14,1.73,1.66,25,-0.25,1.91,1.86,2.04,1.96
E2,17/10/15,Bury,Rochdale,0,0,D,0,0,D,A Woolmer,9,5,3,3,13,16,3,2,2,4,0,0,2.63,3.5,2.8,2.4,3.2,2.7,2.5,3,2.5,2.6,3.4,2.6,2.71,3.52,2.69,2.62,3.2,2.75,2.7,3.5,2.6,44,2.71,2.56,3.52,3.28,3,2.64,39,1.92,1.84,2.03,1.92,23,0,1.99,1.91,1.95,1.89
E2,17/10/15,Coventry,Blackpool,0,0,D,0,0,D,K Hill,17,11,7,5,8,10,8,5,1,2,0,0,1.62,4.2,6,1.62,3.7,4.75,1.6,3.5,4.5,1.6,3.8,5.5,1.6,4.2,6.15,1.62,3.8,5.5,1.62,4.2,5.5,44,1.63,1.59,4.2,3.87,6.15,5.42,39,1.9,1.8,2.05,1.95,23,-0.75,1.83,1.77,2.14,2.07
E2,17/10/15,Crewe,Gillingham,0,1,A,0,0,D,D Webb,5,11,1,2,4,13,0,6,0,3,0,0,4.33,4,1.83,3.8,3.5,1.8,3.7,3.4,1.75,4.33,3.8,1.73,4.84,3.98,1.76,4.2,3.75,1.8,4.33,4,1.8,44,4.84,4.31,4,3.67,1.85,1.77,39,1.79,1.71,2.21,2.07,22,0.5,2.19,2.08,1.81,1.76
E2,17/10/15,Doncaster,Bradford,0,1,A,0,1,A,D Whitestone,9,8,1,3,9,11,5,6,1,0,0,0,3.1,3.3,2.5,2.75,3.1,2.4,2.6,3.1,2.3,2.9,3.25,2.4,3.04,3.39,2.49,2.9,3.2,2.5,3,3.4,2.4,44,3.1,2.91,3.4,3.19,2.5,2.39,39,2.16,2.03,1.82,1.74,22,0,2.2,2.11,1.78,1.73
E2,17/10/15,Fleetwood Town,Burton,4,0,H,1,0,H,D Bond,10,10,6,2,13,13,4,5,3,1,0,0,3.6,3.4,2.2,3.3,3.2,2.05,3,3.1,2.1,3.4,3.4,2.05,3.56,3.55,2.16,3.4,3.3,2.15,3.5,3.5,2.15,44,3.6,3.43,3.55,3.29,2.2,2.1,39,2.19,2.08,1.8,1.7,24,0.25,2.07,2.01,1.87,1.82
E2,17/10/15,Millwall,Swindon,2,0,H,2,0,H,D Drysdale,20,2,10,1,12,8,9,2,1,0,0,0,1.73,4,5,1.72,3.5,4.25,1.7,3.4,3.9,1.7,3.8,4.5,1.79,3.99,4.65,1.75,3.5,5,1.75,4,4.6,44,1.8,1.73,4,3.65,5,4.54,39,1.82,1.76,2.11,2.01,22,-0.75,2.05,1.96,1.93,1.87
E2,17/10/15,Oldham,Sheffield United,1,1,D,1,1,D,K Wright,7,12,3,3,15,12,2,4,1,1,1,0,4.2,3.75,1.91,3.75,3.4,1.85,3.4,3.2,1.9,3.8,3.6,1.85,4.34,3.8,1.88,4,3.5,1.91,4.1,3.8,1.87,44,4.34,3.98,3.8,3.51,1.95,1.86,39,1.91,1.8,2.06,1.95,25,0.5,2.04,1.95,1.94,1.86
E2,17/10/15,Port Vale,Peterboro,1,1,D,1,0,H,R Clark,7,8,5,5,8,14,11,8,1,1,0,0,2.4,3.6,3,2.2,3.3,2.9,2.3,3.1,2.6,2.3,3.5,2.88,2.41,3.67,2.96,2.4,3.4,2.9,2.38,3.6,2.9,44,2.5,2.33,3.67,3.39,3,2.87,39,1.82,1.76,2.12,2.01,24,-0.25,2.06,2,1.88,1.82
E2,17/10/15,Scunthorpe,Shrewsbury,2,1,H,0,1,A,E Ilderton,19,8,6,4,7,12,9,1,0,0,0,0,2.25,3.4,3.5,2.3,3.2,2.8,2,3.2,3.1,2.25,3.3,3.1,2.32,3.52,3.23,2.3,3.2,3.2,2.3,3.5,3.13,44,2.32,2.23,3.52,3.29,3.5,3.11,39,2.05,1.97,1.88,1.79,21,-0.25,2.01,1.94,1.92,1.88
E2,17/10/15,Southend,Barnsley,2,1,H,2,1,H,C Breakspear,11,8,8,3,14,19,7,2,4,2,0,0,2.35,3.5,3.2,2.15,3.25,3.1,2.1,3.1,3,2.3,3.3,3,2.38,3.53,3.11,2.4,3.1,3.1,2.38,3.5,3.1,44,2.4,2.3,3.53,3.27,3.25,3.02,39,2.07,2,1.86,1.77,24,-0.25,2.05,1.99,1.89,1.84
E2,17/10/15,Walsall,Chesterfield,1,2,A,0,1,A,C Kavanagh,16,4,4,2,7,15,8,3,0,3,0,0,1.85,3.75,4.5,1.85,3.25,3.9,1.8,3.3,3.6,1.83,3.4,4.33,1.88,3.62,4.63,1.91,3.3,4.33,1.85,3.75,4.33,44,1.91,1.84,3.75,3.46,4.63,4.2,39,2.1,2,1.86,1.77,25,-0.5,1.87,1.83,2.07,1.99
E2,17/10/15,Wigan,Colchester,5,0,H,4,0,H,S Martin,14,8,8,2,15,13,8,4,0,0,0,0,2.1,3.75,3.6,1.95,3.3,3.5,1.9,3.2,3.4,2.05,3.6,3.3,2.06,3.8,3.62,2.15,3.3,3.4,2.05,3.75,3.5,44,2.15,2.03,3.8,3.45,3.62,3.46,39,1.93,1.85,2.02,1.9,23,-0.5,2.08,2.02,1.85,1.8
E2,20/10/15,Barnsley,Walsall,0,2,A,0,0,D,S Duncan,10,10,3,5,7,8,7,1,3,1,0,0,2.75,3.4,2.7,2.85,3.2,2.3,2.6,3.1,2.3,2.8,3.3,2.4,2.73,3.47,2.7,2.8,3.1,2.6,2.8,3.5,2.5,45,3,2.72,3.5,3.27,2.77,2.51,42,1.97,1.89,1.99,1.88,27,0,2.07,1.94,2.01,1.87
E2,20/10/15,Blackpool,Millwall,1,1,D,0,1,A,N Miller,7,8,3,3,4,11,6,7,0,5,0,1,4,3.8,1.95,3.7,3.5,1.83,3.4,3.2,1.9,4,3.5,1.85,4.23,3.68,1.93,4,3.4,1.95,4,3.8,1.9,46,4.23,3.86,3.8,3.5,1.95,1.9,42,1.98,1.87,1.95,1.89,27,0.5,1.98,1.92,1.95,1.9
E2,20/10/15,Bradford,Bury,2,1,H,1,0,H,D Bond,9,6,3,3,16,10,11,7,0,2,0,0,2.1,3.5,3.8,2.05,3.25,3.25,2.1,3.1,3,2.05,3.4,3.4,2.13,3.59,3.62,2.1,3.2,3.75,2.1,3.5,3.6,46,2.13,2.05,3.59,3.34,3.85,3.51,42,2.09,1.98,1.86,1.79,26,-0.25,1.84,1.78,2.12,2.06
E2,20/10/15,Burton,Crewe,0,0,D,0,0,D,S Stockbridge,24,5,7,1,19,6,8,4,1,0,0,0,1.45,4.75,8,1.4,4.5,6.25,1.45,3.8,5.4,1.44,4.33,7,1.46,4.7,7.82,1.44,4.33,7.5,1.44,4.75,7.5,46,1.46,1.43,4.8,4.41,8,7.04,41,1.85,1.75,2.11,2.02,26,-1.25,2.08,2.01,1.87,1.82
E2,20/10/15,Chesterfield,Southend,3,0,H,2,0,H,G Salisbury,20,15,10,4,10,8,7,4,2,1,0,0,2.45,3.5,3,2.2,3.25,2.95,2.1,3.1,3,2.4,3.25,2.9,2.67,3.44,2.79,2.4,3.25,3,2.4,3.5,3,46,2.67,2.4,3.5,3.31,3.1,2.85,42,1.94,1.84,2.03,1.92,25,-0.25,2.29,2.16,1.83,1.71
E2,20/10/15,Colchester,Port Vale,2,1,H,1,1,D,D Deadman,15,9,8,5,11,6,5,5,4,1,0,0,2.5,3.6,2.9,2.3,3.25,2.8,2.3,3.1,2.6,2.4,3.4,2.8,2.4,3.55,3.06,2.5,3.2,2.8,2.4,3.6,2.9,46,2.6,2.39,3.6,3.35,3.06,2.81,41,1.82,1.76,2.13,2,26,-0.25,2.15,2.04,1.85,1.79
E2,20/10/15,Gillingham,Scunthorpe,2,1,H,0,0,D,L Swabey,5,14,2,4,16,9,5,8,2,1,1,0,2.2,3.6,3.4,2.1,3.4,3,2,3.2,3.1,2.15,3.4,3.25,2.13,3.65,3.56,2.2,3.25,3.4,2.2,3.75,3.13,45,2.25,2.1,3.75,3.4,3.6,3.34,42,1.85,1.78,2.07,1.98,26,-0.25,1.95,1.84,2.07,1.98
E2,20/10/15,Peterboro,Wigan,2,3,A,0,2,A,O Langford,16,12,4,6,11,14,4,5,5,1,0,0,2.8,3.5,2.6,2.5,3.3,2.5,2.4,3.1,2.5,2.75,3.3,2.4,2.89,3.55,2.52,2.75,3.2,2.62,2.63,3.6,2.63,46,2.89,2.65,3.6,3.37,2.65,2.51,41,1.87,1.76,2.11,2,27,0,2.09,1.96,1.95,1.85
E2,20/10/15,Rochdale,Coventry,0,0,D,0,0,D,M Haywood,14,9,4,4,12,6,3,4,1,0,0,0,2.5,3.6,2.9,2.35,3.25,2.7,2.45,3.1,2.45,2.4,3.5,2.75,2.51,3.71,2.81,2.5,3.2,2.88,2.4,3.6,2.88,46,2.51,2.4,3.71,3.37,2.9,2.79,42,1.95,1.84,2.01,1.92,27,0,1.85,1.77,2.12,2.05
E2,20/10/15,Sheffield United,Fleetwood Town,3,0,H,1,0,H,E Ilderton,8,6,4,1,10,5,5,1,1,0,0,0,1.8,3.8,4.75,1.7,3.7,4.2,1.65,3.4,4.2,1.75,3.5,4.75,1.79,3.76,4.95,1.8,3.4,4.8,1.8,3.8,4.6,46,1.8,1.74,3.81,3.58,5,4.59,42,1.97,1.85,1.99,1.91,26,-0.75,2.05,1.98,1.89,1.84
E2,20/10/15,Shrewsbury,Doncaster,1,2,A,1,1,D,K Johnson,12,9,3,4,18,18,8,5,1,1,0,0,2.25,3.4,3.5,2.15,3.25,3.1,2.3,3.1,2.6,2.15,3.3,3.3,2.2,3.47,3.54,2.25,3.1,3.4,2.15,3.5,3.4,45,2.3,2.17,3.5,3.28,3.54,3.29,41,2.12,2.04,1.82,1.74,26,-0.25,1.93,1.87,2.02,1.95
E2,20/10/15,Swindon,Oldham,1,2,A,0,1,A,A Davies,13,12,4,5,9,12,4,8,1,3,0,0,2.8,3.5,2.6,2.65,3.2,2.45,2.3,3.1,2.6,2.7,3.3,2.5,2.79,3.46,2.65,2.62,3.2,2.7,2.75,3.5,2.55,46,2.8,2.6,3.52,3.3,2.8,2.59,42,1.88,1.8,2.06,1.96,27,0,2.04,1.94,1.93,1.86
E2,24/10/15,Barnsley,Fleetwood Town,0,1,A,0,1,A,C Boyeson,8,6,5,5,13,12,6,4,3,1,0,0,2.25,3.5,3.4,2.15,3.2,3.1,2.1,3.1,3,2.15,3.4,3.25,2.22,3.57,3.38,2.3,3.1,3.3,2.15,3.5,3.3,42,2.3,2.16,3.57,3.33,3.4,3.24,38,2.05,1.93,1.9,1.83,23,-0.25,1.91,1.87,2.02,1.96
E2,24/10/15,Blackpool,Crewe,2,0,H,0,0,D,M Haywood,14,9,10,3,11,8,5,2,1,2,0,0,2,3.6,4,2,3.4,3.25,2,3.2,3.1,1.95,3.4,3.8,1.98,3.67,4.05,2.05,3.1,4,2,3.6,3.7,42,2.05,1.97,3.7,3.44,4.05,3.65,38,1.98,1.89,1.97,1.88,24,-0.5,2.03,1.97,1.92,1.85
E2,24/10/15,Bradford,Wigan,1,1,D,0,0,D,R Clark,5,8,3,4,14,13,15,6,5,1,0,0,3,3.4,2.5,2.55,3.25,2.5,2.45,3.1,2.45,2.75,3.3,2.4,2.84,3.49,2.58,2.62,3.3,2.62,2.88,3.4,2.45,42,3,2.76,3.49,3.29,2.63,2.47,38,2.06,1.95,1.89,1.81,24,0,2.11,2.02,1.87,1.8
E2,24/10/15,Burton,Port Vale,2,0,H,0,0,D,D Coote,24,4,5,0,15,12,13,4,1,4,1,1,2,3.6,4,2,3.4,3.25,2,3.2,3.1,2,3.4,3.6,2.04,3.6,3.9,2.1,3.2,3.6,1.95,3.6,3.8,42,2.1,1.99,3.6,3.4,4,3.62,33,2.13,2.04,1.79,1.72,22,-0.25,1.78,1.72,2.21,2.14
E2,24/10/15,Chesterfield,Scunthorpe,0,3,A,0,0,D,D England,13,15,3,10,8,18,5,5,1,3,1,0,2.5,3.6,2.88,2.25,3.4,2.75,2.2,3.1,2.8,2.4,3.5,2.75,2.47,3.63,2.9,2.38,3.2,3,2.4,3.6,2.8,42,2.5,2.37,3.63,3.39,3,2.83,38,1.9,1.83,2.02,1.93,22,-0.25,2.13,2.07,1.81,1.78
E2,24/10/15,Colchester,Walsall,4,4,D,0,2,A,S Stockbridge,18,12,7,8,13,4,7,6,3,0,0,0,3.25,3.5,2.3,2.9,3.3,2.2,2.8,3.1,2.2,3,3.4,2.2,3.27,3.58,2.27,3.2,3.2,2.3,3.13,3.5,2.25,42,3.28,3.05,3.58,3.36,2.33,2.23,38,1.91,1.8,2.07,1.95,23,0.25,1.94,1.89,2.01,1.94
E2,24/10/15,Gillingham,Southend,1,1,D,0,1,A,B Toner,12,7,5,4,11,22,4,2,1,6,0,0,2.25,3.5,3.4,2.15,3.25,3.1,2.3,3.1,2.6,2.15,3.4,3.2,2.29,3.55,3.26,2.25,3.2,3.3,2.2,3.5,3.25,42,2.3,2.2,3.55,3.34,3.4,3.15,38,1.98,1.89,1.97,1.87,21,-0.25,1.99,1.9,1.98,1.91
E2,24/10/15,Peterboro,Doncaster,4,0,H,2,0,H,M Brown,26,10,11,3,12,8,3,6,1,3,0,0,2.15,3.6,3.6,2,3.3,3.4,2.1,3.1,3,2.05,3.5,3.4,2.11,3.69,3.56,2.2,3.2,3.4,2.15,3.6,3.3,42,2.2,2.08,3.69,3.42,3.75,3.36,38,1.88,1.8,2.05,1.96,22,-0.5,2.15,2.08,1.81,1.77
E2,24/10/15,Rochdale,Oldham,0,0,D,0,0,D,A Madley,5,9,1,0,20,14,5,4,5,3,0,0,1.85,4,4.2,1.8,3.4,4,1.85,3.2,3.5,1.85,3.6,3.8,1.93,3.86,3.99,1.95,3.2,4.2,1.87,3.75,4,42,1.95,1.87,4,3.57,4.33,3.89,38,1.98,1.88,1.97,1.88,24,-0.5,1.94,1.88,2.02,1.94
E2,24/10/15,Sheffield United,Millwall,1,2,A,0,1,A,A Haines,6,10,1,6,16,14,3,7,0,2,0,0,2.1,3.8,3.5,2,3.4,3.25,1.85,3.2,3.5,2,3.6,3.3,2.08,3.87,3.51,2.1,3.3,3.5,2.05,3.7,3.4,42,2.15,2.04,3.87,3.5,3.55,3.39,38,1.94,1.87,2,1.9,24,-0.5,2.11,2.04,1.83,1.79
E2,24/10/15,Shrewsbury,Bury,2,0,H,1,0,H,G Ward,7,12,3,3,8,7,2,13,1,1,0,0,2.4,3.5,3.1,2.35,3.25,2.75,2.4,3.1,2.5,2.3,3.3,3,2.34,3.5,3.2,2.45,3.2,2.88,2.25,3.5,3.13,42,2.5,2.31,3.5,3.31,3.2,2.98,38,2.02,1.92,1.91,1.84,20,-0.25,2.05,1.96,1.93,1.86
E2,24/10/15,Swindon,Coventry,2,2,D,0,0,D,D Whitestone,12,12,7,5,8,14,3,1,2,2,0,0,4,3.8,1.95,3.5,3.4,1.91,3.4,3.2,1.9,3.8,3.6,1.85,4,3.87,1.93,4,3.3,1.95,3.8,3.7,1.93,42,4.1,3.83,3.87,3.51,1.97,1.9,38,1.97,1.87,1.98,1.88,19,0.5,1.98,1.9,1.98,1.91
E2,27/10/15,Millwall,Doncaster,2,0,H,2,0,H,C Breakspear,7,8,4,0,11,6,6,7,4,0,0,0,1.8,3.8,4.75,1.75,3.5,4.1,1.85,3.2,3.5,1.8,3.6,4.33,1.83,3.8,4.63,1.8,3.5,4,1.8,3.8,4.33,43,1.85,1.78,3.8,3.56,4.8,4.26,39,1.88,1.81,2.05,1.96,25,-0.5,1.84,1.79,2.11,2.04
E2,31/10/15,Bury,Blackpool,4,3,H,4,2,H,G Eltringham,12,11,7,5,11,8,6,3,0,1,0,0,1.91,3.75,4.33,1.91,3.25,3.7,1.85,3.2,3.5,1.85,3.6,4,1.93,3.78,4.12,1.83,3.5,4.33,1.9,3.7,4.1,46,1.95,1.87,3.78,3.48,4.33,3.97,40,2.07,1.97,1.84,1.78,28,-0.5,1.92,1.88,2,1.94
E2,31/10/15,Coventry,Peterboro,3,2,H,0,2,A,G Ward,28,19,13,9,6,12,13,1,1,4,0,0,2.05,3.75,3.75,1.95,3.3,3.5,1.9,3.2,3.4,2,3.5,3.5,2.03,3.74,3.77,2.05,3.5,3.5,2.05,3.75,3.5,46,2.07,2,3.75,3.49,3.8,3.51,35,1.82,1.76,2.09,1.99,27,-0.5,2.07,2,1.88,1.82
E2,31/10/15,Crewe,Sheffield United,1,0,H,0,0,D,F Graham,10,12,3,4,10,7,3,6,1,2,0,0,7.5,4.5,1.5,6.5,3.9,1.45,5.4,3.8,1.45,6.5,4.33,1.44,7.09,4.54,1.51,7,4,1.5,7,4.5,1.5,46,7.5,6.66,4.54,4.21,1.52,1.47,35,1.83,1.78,2.08,1.97,24,1,2.1,2.03,1.84,1.79
E2,31/10/15,Doncaster,Colchester,2,0,H,1,0,H,G Salisbury,10,10,4,6,13,10,6,11,0,0,0,0,2.7,3.5,2.7,2.35,3.25,2.7,2.3,3.1,2.6,2.4,3.4,2.7,2.53,3.62,2.83,2.62,3.2,2.75,2.5,3.6,2.75,45,2.75,2.49,3.62,3.33,2.83,2.69,35,1.8,1.75,2.11,2,26,0,1.87,1.82,2.07,1.99
E2,31/10/15,Fleetwood Town,Chesterfield,0,1,A,0,1,A,T Kettle,13,7,8,5,14,13,1,2,0,0,0,0,2.5,3.6,2.9,2.4,3.4,2.55,2.4,3.1,2.5,2.5,3.3,2.75,2.56,3.48,2.88,2.5,3.2,2.9,2.5,3.6,2.8,46,2.63,2.46,3.6,3.31,2.9,2.74,40,1.98,1.89,1.95,1.87,27,0,1.85,1.81,2.07,2
E2,31/10/15,Millwall,Bradford,0,0,D,0,0,D,K Johnson,4,6,1,1,10,14,6,3,0,1,0,0,2.2,3.6,3.4,2.15,3.25,3.1,2.2,3.1,2.8,2.15,3.4,3.3,2.18,3.57,3.49,2.25,3.2,3.3,2.2,3.6,3.3,46,2.25,2.15,3.6,3.34,3.49,3.25,40,2.02,1.91,1.92,1.85,27,-0.25,1.92,1.86,2.03,1.96
E2,31/10/15,Oldham,Burton,0,1,A,0,1,A,E Ilderton,13,6,5,2,9,11,8,5,2,1,0,0,3.2,3.4,2.4,2.7,3.3,2.35,2.5,3.1,2.4,2.9,3.25,2.38,3.11,3.4,2.44,3.1,3.1,2.4,3,3.4,2.4,46,3.2,2.94,3.4,3.22,2.5,2.37,35,2.16,2.09,1.76,1.68,27,0.25,1.82,1.78,2.12,2.05
E2,31/10/15,Port Vale,Shrewsbury,2,0,H,0,0,D,D Handley,11,4,5,1,10,19,12,4,2,4,0,0,2.5,3.4,3,2.2,3.2,3,2.2,3.1,2.8,2.38,3.3,2.9,2.49,3.43,3.02,2.5,3.2,2.9,2.5,3.4,2.9,46,2.5,2.39,3.43,3.23,3.04,2.9,35,2.14,2.01,1.81,1.74,27,-0.25,2.13,2.07,1.83,1.77
E2,31/10/15,Scunthorpe,Barnsley,2,0,H,2,0,H,S Attwell,12,12,7,7,12,12,6,7,4,2,0,0,2.25,3.5,3.4,2.15,3.25,3.1,2.2,3.1,2.8,2.15,3.2,3.4,2.15,3.43,3.73,2.2,3.1,3.5,2.15,3.5,3.4,46,2.3,2.15,3.5,3.28,3.73,3.33,40,2.07,1.97,1.87,1.79,27,-0.25,1.89,1.86,2.04,1.96
E2,31/10/15,Southend,Rochdale,2,2,D,2,0,H,S Martin,14,16,7,6,14,14,7,11,1,3,0,0,2.6,3.5,2.8,2.4,3.2,2.7,2.3,3.1,2.6,2.5,3.25,2.75,2.65,3.42,2.81,2.6,3.1,2.8,2.55,3.4,2.8,46,2.65,2.51,3.5,3.24,2.85,2.73,35,2.2,2.11,1.75,1.68,24,-0.25,2.25,2.15,1.76,1.71
E2,31/10/15,Walsall,Gillingham,3,2,H,2,2,D,D Drysdale,15,9,6,3,10,12,6,6,2,4,0,0,2,3.6,4,1.87,3.25,3.9,1.9,3.2,3.4,1.95,3.5,3.8,1.98,3.7,4,2,3.3,3.8,1.95,3.7,3.9,46,2.02,1.94,3.7,3.46,4,3.77,40,1.85,1.79,2.09,1.97,27,-0.5,2,1.93,1.95,1.88
E2,31/10/15,Wigan,Swindon,1,0,H,0,0,D,N Miller,19,6,7,0,8,8,8,2,2,2,0,0,1.5,4.75,7,1.42,4.25,6.25,1.45,3.8,5.4,1.5,4.2,6,1.53,4.48,6.8,1.44,4.5,7,1.5,4.6,6.25,46,1.53,1.47,4.75,4.26,7.5,6.41,35,1.73,1.65,2.25,2.15,27,-1,1.9,1.82,2.04,1.99
E2,03/11/15,Bradford,Blackpool,1,0,H,1,0,H,A Haines,8,11,5,1,11,11,8,6,1,0,0,0,1.8,3.7,5,1.67,3.6,4.5,1.65,3.4,4.2,1.75,3.5,4.5,1.83,3.7,4.8,1.83,3.5,4.4,1.83,3.7,4.5,42,1.85,1.79,3.7,3.47,5,4.49,36,2.16,2.07,1.78,1.72,22,-0.5,1.86,1.81,2.09,2.02
E2,03/11/15,Coventry,Barnsley,4,3,H,2,0,H,M Bull,13,15,8,4,10,16,2,9,1,4,0,0,1.85,3.75,4.5,1.75,3.6,4,1.7,3.4,3.9,1.83,3.6,4.2,1.86,3.8,4.45,1.85,3.75,4,1.87,3.8,4.1,42,1.89,1.83,3.8,3.57,4.5,4.13,37,1.91,1.83,2.04,1.94,23,-0.5,1.9,1.84,2.06,1.99
