Div,Date,HomeTeam,AwayTeam,FTHG,FTAG,FTR,HTHG,HTAG,HTR,HS,AS,HST,AST,HF,AF,HC,AC,HY,AY,HR,AR,B365H,B365D,B365A,BWH,BWD,BWA,IWH,IWD,IWA,LBH,LBD,LBA,PSH,PSD,PSA,WHH,WHD,WHA,VCH,VCD,VCA,Bb1X2,BbMxH,BbAvH,BbMxD,BbAvD,BbMxA,BbAvA,BbOU,BbMx>2.5,BbAv>2.5,BbMx<2.5,BbAv<2.5,BbAH,BbAHh,BbMxAHH,BbAvAHH,BbMxAHA,BbAvAHA
SP1,21/08/15,Malaga,Sevilla,0,0,D,0,0,D,25,10,5,2,19,11,7,2,3,3,0,1,3.4,3.4,2.15,3.3,3.4,2.25,2.9,3.3,2.3,3.4,3.3,2.25,3.39,3.57,2.25,3.2,3.4,2.2,3.4,3.5,2.25,39,3.5,3.26,3.6,3.42,2.3,2.2,37,1.95,1.86,2.02,1.92,24,0.25,2.02,1.95,1.94,1.9
SP1,22/08/15,Ath Madrid,Las Palmas,1,0,H,1,0,H,14,8,3,1,11,16,4,4,2,0,0,0,1.2,6.5,15,1.22,6,12,1.25,5.5,10.3,1.22,6.5,15,1.23,6.78,16.86,1.22,5.5,15,1.22,6.5,19,41,1.25,1.21,6.78,6.09,19,15.65,40,1.9,1.82,2.04,1.96,26,-1.75,2.02,1.95,1.95,1.89
SP1,22/08/15,Espanol,Getafe,1,0,H,1,0,H,4,14,2,3,19,14,5,6,2,3,0,1,1.91,3.4,4.33,1.95,3.25,4,2,3.3,3.6,1.91,3.4,4.5,1.93,3.47,4.68,1.91,3.3,4.33,1.91,3.5,4.6,41,2,1.9,3.75,3.37,4.68,4.31,36,2.53,2.37,1.6,1.56,27,-0.5,1.95,1.9,2.01,1.94
SP1,22/08/15,La Coruna,Sociedad,0,0,D,0,0,D,15,9,5,2,16,10,5,4,3,2,0,0,2.5,3.2,3,2.55,3.1,2.8,2.6,3.2,2.6,2.62,3.2,2.8,2.59,3.23,3.08,2.62,3,2.9,2.55,3.3,3,41,2.75,2.52,3.4,3.14,3.1,2.93,37,2.48,2.37,1.63,1.56,26,0,1.82,1.78,2.15,2.07
SP1,22/08/15,Vallecano,Valencia,0,0,D,0,0,D,8,10,3,4,19,11,3,3,3,1,0,0,3.6,3.5,2.05,3.5,3.4,2.05,3.6,3.3,2,3.6,3.6,2,3.72,3.77,2.06,3.6,3.3,2.1,3.7,3.75,2.05,41,4,3.57,3.77,3.55,2.15,2.02,39,1.83,1.75,2.15,2.04,27,0.5,1.9,1.83,2.08,2.01
SP1,23/08/15,Ath Bilbao,Barcelona,0,1,A,0,0,D,8,10,2,4,16,11,2,4,3,3,0,0,6.5,4.33,1.5,6,4.2,1.5,5.2,4,1.57,6.5,4.33,1.53,7.06,4.53,1.52,7,3.8,1.53,6.5,4.6,1.53,41,7.4,6.6,4.8,4.33,1.57,1.49,33,1.66,1.6,2.38,2.27,27,1,2.12,2.03,1.87,1.81
SP1,23/08/15,Betis,Villarreal,1,1,D,0,1,A,22,8,6,4,11,26,7,5,3,1,0,1,2.8,3.25,2.6,2.65,3.25,2.6,2.6,3.2,2.6,2.9,3.3,2.5,2.93,3.34,2.63,2.8,3.1,2.62,3,3.25,2.5,37,3,2.81,3.35,3.22,2.7,2.55,35,2.25,2.12,1.78,1.7,26,0,2.09,2.02,1.87,1.82
SP1,23/08/15,Levante,Celta,1,2,A,0,1,A,11,15,2,6,12,17,4,6,1,3,1,0,3.6,3.3,2.15,3.25,3.2,2.2,2.9,3.3,2.3,3.6,3.3,2.15,3.84,3.4,2.15,3.4,3.1,2.25,3.75,3.4,2.15,41,3.84,3.58,3.5,3.26,2.3,2.13,37,2.43,2.31,1.66,1.59,26,0.25,2.11,2.03,1.86,1.81
SP1,23/08/15,Sp Gijon,Real Madrid,0,0,D,0,0,D,6,27,0,8,20,4,2,5,4,0,0,0,13,6.5,1.22,10,6.5,1.22,12.5,6,1.2,13,6.5,1.22,12.98,6.6,1.26,15,5,1.25,13,6.5,1.25,41,15,12.72,7,6.11,1.26,1.23,34,1.54,1.5,2.68,2.53,26,1.75,1.96,1.91,2,1.93
SP1,24/08/15,Granada,Eibar,1,3,A,0,2,A,12,10,6,4,5,23,6,5,1,6,1,0,1.91,3.3,4.5,1.95,3.1,4.33,2,3.3,3.6,1.95,3.3,4.5,1.9,3.34,5.15,1.95,3.1,4.5,1.9,3.3,5,39,2,1.88,3.5,3.23,5.15,4.64,33,2.88,2.68,1.5,1.45,25,-0.5,1.92,1.88,2.04,1.96
SP1,28/08/15,Villarreal,Espanol,3,1,H,0,1,A,14,4,4,2,10,20,2,3,1,6,0,0,1.57,3.8,6.5,1.62,3.75,6,1.6,3.7,5.4,1.53,4,7,1.6,4.09,6.69,1.53,3.8,7,1.6,4.1,6.5,36,1.63,1.56,4.1,3.84,7.5,6.5,33,2.2,2.11,1.81,1.71,24,-1,2.12,2.04,1.86,1.82
SP1,29/08/15,Barcelona,Malaga,1,0,H,0,0,D,22,4,13,1,4,21,15,2,0,3,0,0,1.1,10,26,1.13,7.75,16.5,1.15,7,15,1.12,8.5,19,1.14,10,24.1,1.14,7.5,19,1.12,10,31,36,1.15,1.11,10,8.96,51,24.11,35,1.4,1.37,3.25,3,25,-2.5,2.05,1.99,1.92,1.85
SP1,29/08/15,Celta,Vallecano,3,0,H,1,0,H,11,3,7,0,7,11,5,4,2,2,0,1,1.53,4.33,6,1.55,3.75,6.25,1.65,3.7,4.9,1.57,4.2,5.5,1.57,4.41,6.29,1.55,4,6,1.57,4.5,6,37,1.65,1.54,4.5,4.14,6.5,5.91,33,1.74,1.68,2.25,2.15,25,-1,1.99,1.92,1.96,1.91
SP1,29/08/15,Real Madrid,Betis,5,0,H,2,0,H,21,7,11,1,12,14,11,4,3,3,0,0,1.1,10,26,1.11,8.5,19.5,1.12,8,16,1.12,9,19,1.13,11.4,23,1.12,8,21,1.13,11,23,35,1.14,1.11,11.4,9.34,29.67,21.71,32,1.33,1.28,3.9,3.57,24,-2.5,2.02,1.96,1.93,1.88
SP1,29/08/15,Sociedad,Sp Gijon,0,0,D,0,0,D,12,7,1,2,10,15,6,4,4,5,0,0,1.85,3.5,4.5,1.9,3.5,4.75,1.85,3.45,4,1.85,3.4,4.33,1.88,3.47,4.99,1.91,3.2,4.5,1.85,3.6,4.8,37,1.91,1.86,3.6,3.35,4.99,4.53,33,2.45,2.3,1.65,1.59,25,-0.5,1.88,1.84,2.06,2
SP1,30/08/15,Eibar,Ath Bilbao,2,0,H,1,0,H,9,9,8,1,14,13,11,4,2,2,0,0,4,3.1,2.1,4,3.25,2.15,3.3,3.3,2.1,4,3.2,2.05,4.04,3.27,2.15,3.8,3,2.15,4,3.25,2.15,37,4.05,3.79,3.3,3.14,2.16,2.1,28,2.75,2.59,1.52,1.47,24,0.5,1.8,1.75,2.17,2.1
SP1,30/08/15,Getafe,Granada,1,2,A,0,2,A,16,9,4,4,16,15,6,6,5,3,0,0,2.05,3.2,4,2.05,3.25,3.6,2.1,3.3,3.3,2.1,3.2,4,2.1,3.3,4.14,2.05,3.1,4,2.05,3.3,4.3,36,2.1,2.04,3.3,3.18,4.3,3.87,27,2.65,2.51,1.53,1.5,25,-0.5,2.1,2.03,1.87,1.82
SP1,30/08/15,Las Palmas,Levante,0,0,D,0,0,D,16,3,2,2,14,21,3,0,2,4,0,0,1.91,3.3,4.5,1.91,3.25,4.2,2,3.3,3.6,1.95,3.3,4,1.92,3.47,4.75,1.91,3.2,4.5,1.93,3.4,4.75,36,2,1.9,3.47,3.26,4.75,4.35,27,2.5,2.42,1.6,1.53,25,-0.5,1.94,1.9,2.02,1.94
SP1,30/08/15,Sevilla,Ath Madrid,0,3,A,0,1,A,25,17,7,7,17,13,11,1,3,4,0,0,2.8,3.2,2.63,2.75,3.3,2.7,2.6,3.2,2.6,2.88,3.25,2.5,2.84,3.3,2.75,2.7,3.1,2.7,2.8,3.3,2.75,37,2.88,2.74,3.3,3.17,2.75,2.63,33,2.32,2.2,1.72,1.65,25,0,2,1.94,1.94,1.89
SP1,30/08/15,Valencia,La Coruna,1,1,D,1,1,D,12,12,5,3,13,15,5,7,2,1,1,0,1.44,4.33,8,1.44,4,7.75,1.45,4,7,1.44,4.33,7.5,1.4,4.86,10.04,1.44,4.2,7.5,1.4,4.8,9,37,1.5,1.41,4.86,4.42,10.04,8.02,35,1.88,1.81,2.06,1.97,24,-1,1.7,1.65,2.41,2.27
SP1,11/09/15,Levante,Sevilla,1,1,D,0,1,A,14,8,4,3,12,8,5,4,3,3,0,0,4.75,3.75,1.75,4.5,3.8,1.8,4,3.45,1.85,4.75,3.6,1.8,4.83,3.82,1.81,4.6,3.5,1.8,4.8,3.8,1.8,37,5,4.66,3.87,3.63,1.85,1.78,32,2.14,2.06,1.81,1.75,24,0.75,1.89,1.83,2.09,2.03
SP1,12/09/15,Ath Madrid,Barcelona,1,2,A,0,0,D,11,13,3,5,17,5,1,10,3,1,0,0,3.3,3.2,2.3,3.3,3.3,2.3,3,3.2,2.3,3.4,3.4,2.2,3.41,3.4,2.31,3.3,3.2,2.25,3.3,3.5,2.3,36,3.42,3.27,3.5,3.28,2.32,2.26,31,2.25,2.13,1.75,1.7,23,0.25,1.96,1.91,2,1.93
SP1,12/09/15,Betis,Sociedad,1,0,H,1,0,H,9,15,2,3,12,9,2,4,4,3,1,0,2.3,3.3,3.2,2.35,3.2,3,2.4,3.3,2.75,2.4,3.25,3.1,2.39,3.36,3.28,2.38,3.25,3,2.4,3.3,3.25,35,2.4,2.35,3.39,3.26,3.28,3.09,30,2.22,2.14,1.74,1.7,23,-0.25,2.06,2,1.9,1.84
SP1,12/09/15,Espanol,Real Madrid,0,6,A,0,4,A,14,15,3,8,19,10,5,6,2,2,0,0,10,5,1.33,8.75,5.25,1.34,8,5,1.33,10,5.5,1.3,9.75,5.51,1.36,8,5,1.36,9,5.5,1.36,36,11,9.45,6,5.23,1.4,1.32,28,1.55,1.49,2.75,2.55,25,1.5,1.9,1.86,2.05,1.98
SP1,12/09/15,Sp Gijon,Valencia,0,1,A,0,0,D,16,17,8,3,16,11,5,6,3,3,0,0,3.4,3.2,2.25,3.3,3.2,2.3,2.75,3.3,2.4,3.4,3.2,2.25,3.39,3.42,2.31,3.3,3.2,2.25,3.5,3.4,2.25,36,3.45,3.29,3.42,3.24,2.4,2.26,31,2.29,2.21,1.72,1.65,23,0.25,1.99,1.92,1.98,1.92
SP1,13/09/15,Ath Bilbao,Getafe,3,1,H,2,0,H,14,11,6,3,12,15,12,5,1,4,0,0,1.57,3.75,7,1.57,3.7,6.25,1.65,3.6,5.1,1.6,3.8,6.5,1.59,4.03,7.05,1.6,3.75,6,1.57,4,7,37,1.65,1.57,4.03,3.81,7.05,6.43,32,2.19,2.11,1.77,1.71,26,-1,2.06,2.01,1.88,1.83
SP1,13/09/15,Celta,Las Palmas,3,3,D,2,1,H,26,9,12,5,19,14,7,2,0,3,0,1,1.5,4.2,7,1.53,4,6,1.55,3.9,5.6,1.5,4,7,1.52,4.48,7.3,1.5,4,7,1.5,4.4,7.5,35,1.55,1.49,4.52,4.19,7.5,6.8,31,1.9,1.83,2.04,1.97,24,-1,1.86,1.82,2.08,2.02
SP1,13/09/15,Granada,Villarreal,1,3,A,0,0,D,13,8,2,5,16,21,8,6,2,4,0,0,3.5,3.1,2.25,3.4,3.2,2.3,3.2,3.2,2.2,3.5,3.2,2.25,3.63,3.36,2.24,3.4,3.1,2.25,3.6,3.3,2.25,37,3.63,3.39,3.36,3.2,2.38,2.24,28,2.45,2.34,1.64,1.58,24,0,2.53,2.41,1.64,1.58
SP1,13/09/15,Malaga,Eibar,0,0,D,0,0,D,10,7,4,0,11,13,7,3,2,4,0,0,1.75,3.5,5.25,1.8,3.4,4.5,1.8,3.5,4.2,1.75,3.6,5,1.81,3.65,5.2,1.8,3.4,4.8,1.78,3.6,5.4,37,1.81,1.76,3.7,3.52,5.5,4.94,30,2.35,2.24,1.67,1.63,24,-0.5,1.79,1.75,2.19,2.12
SP1,14/09/15,Vallecano,La Coruna,1,3,A,1,2,A,8,14,2,8,12,10,5,4,2,2,1,0,2.1,3.5,3.5,2.1,3.4,3.3,2.15,3.3,3.2,2.15,3.4,3.5,2.2,3.61,3.46,2.15,3.5,3.25,2.2,3.6,3.4,35,2.2,2.12,3.64,3.46,3.55,3.38,31,2,1.88,2,1.91,23,-0.5,2.21,2.1,1.81,1.76
SP1,18/09/15,Getafe,Malaga,1,0,H,1,0,H,10,13,4,3,18,11,4,7,5,2,0,0,2.6,3.1,2.9,2.6,3.1,2.75,2.6,3.2,2.6,2.62,3.1,3,2.71,3.15,3,2.62,2.9,3,2.63,3.2,3,40,2.71,2.6,3.2,3.06,3.12,2.94,33,2.67,2.54,1.55,1.5,25,0,1.86,1.82,2.1,2.03
SP1,19/09/15,Eibar,Ath Madrid,0,2,A,0,0,D,9,14,3,6,13,7,1,4,2,1,0,0,7,3.75,1.57,6.75,3.7,1.6,5.1,3.6,1.65,7,3.75,1.57,7.15,3.95,1.6,6.5,3.5,1.62,7.5,3.9,1.57,39,7.5,6.94,3.95,3.71,1.65,1.56,30,2.5,2.39,1.61,1.56,25,1,1.86,1.81,2.12,2.05
SP1,19/09/15,Real Madrid,Granada,1,0,H,0,0,D,20,12,10,3,9,15,10,1,1,3,0,0,1.06,15,26,1.07,13,34,1.05,11,25,1.07,15,34,1.08,16,31.5,1.08,11,34,1.08,15,31,39,1.08,1.06,17,13.7,41,30.41,30,1.22,1.2,4.8,4.34,24,-3,1.94,1.89,2.02,1.97
SP1,19/09/15,Sociedad,Espanol,2,3,A,1,1,D,10,18,3,6,15,16,7,6,2,3,1,0,2,3.4,4,2,3.1,4.1,2,3.3,3.6,2,3.4,4,2,3.46,4.35,2,3.2,4,1.95,3.5,4.4,39,2.01,1.96,3.5,3.37,4.4,4.04,33,2.35,2.26,1.68,1.63,24,-0.5,1.99,1.94,1.96,1.92
SP1,19/09/15,Valencia,Betis,0,0,D,0,0,D,22,3,5,1,17,15,7,1,4,2,0,1,1.5,4.33,6.5,1.5,4.4,6.75,1.5,4,6.1,1.53,4,6.5,1.52,4.59,7.02,1.53,4,6.5,1.5,4.5,7,37,1.53,1.49,4.74,4.27,7.02,6.67,33,1.79,1.72,2.19,2.1,24,-1,1.88,1.84,2.08,2.02
SP1,20/09/15,Barcelona,Levante,4,1,H,0,0,D,21,11,8,4,8,16,4,4,0,1,0,0,1.06,12,29,1.07,10.5,26,1.07,9.5,22,1.06,15,41,1.08,16.5,30,1.08,11,34,1.07,15,36,39,1.08,1.06,17.41,13.76,61,32.5,29,1.23,1.21,4.75,4.27,24,-3,1.98,1.89,2.1,1.97
SP1,20/09/15,La Coruna,Sp Gijon,2,3,A,2,3,A,19,4,9,4,11,16,8,3,3,3,0,0,2.05,3.1,4.2,2.05,3.3,3.6,2,3.3,3.6,2.05,3.25,4,2.05,3.39,4.21,2,3.2,4,2.05,3.4,4.1,39,2.05,2.01,3.5,3.27,4.23,3.97,29,2.5,2.39,1.6,1.55,24,-0.5,2.06,2.01,1.89,1.85
SP1,20/09/15,Las Palmas,Vallecano,0,1,A,0,1,A,8,17,2,6,13,19,3,5,3,5,0,0,1.91,3.5,4,1.9,3.5,3.9,2,3.3,3.6,1.91,3.6,4,1.9,3.9,4.19,1.91,3.5,4,1.91,3.8,4.2,39,2,1.89,3.93,3.64,4.33,3.99,35,1.89,1.8,2.11,2,24,-0.5,1.91,1.88,2.04,1.99
SP1,20/09/15,Sevilla,Celta,1,2,A,0,2,A,13,15,5,5,16,16,5,5,3,5,0,1,1.8,3.75,4.33,1.83,3.7,4.5,1.85,3.45,4,1.85,3.6,4.33,1.85,3.88,4.47,1.83,3.5,4.33,1.85,3.8,4.4,38,1.88,1.81,3.9,3.69,4.55,4.28,34,1.77,1.69,2.25,2.14,23,-0.5,1.88,1.82,2.1,2.04
SP1,20/09/15,Villarreal,Ath Bilbao,3,1,H,1,0,H,14,11,7,2,17,6,9,4,4,4,0,0,2,3.5,3.75,2,3.3,3.7,1.9,3.45,3.8,2,3.4,4,2.03,3.43,4.22,2,3.2,4,2,3.5,4.1,39,2.07,1.99,3.5,3.34,4.25,3.97,35,2.31,2.22,1.73,1.65,24,-0.5,2.05,2,1.91,1.86
SP1,22/09/15,Ath Madrid,Getafe,2,0,H,1,0,H,12,6,3,2,14,10,6,1,3,2,0,0,1.25,5.5,15,1.25,5.5,14.5,1.25,5.5,10.3,1.29,5,13,1.27,5.64,17.44,1.25,5.5,13,1.29,5.75,15,39,1.29,1.26,6,5.38,17.44,14.18,35,2.04,1.95,1.95,1.85,25,-1.5,1.96,1.9,2,1.96
SP1,22/09/15,Espanol,Valencia,1,0,H,1,0,H,17,10,5,4,22,14,7,6,5,7,0,0,3.25,3.25,2.3,3.1,3.3,2.35,2.9,3.3,2.3,3.3,3.3,2.25,3.33,3.43,2.34,3.2,3.1,2.38,3.3,3.4,2.25,39,3.4,3.21,3.43,3.26,2.4,2.29,34,2.25,2.15,1.8,1.69,23,0.25,1.94,1.9,2.01,1.96
SP1,22/09/15,Granada,Sociedad,0,3,A,0,2,A,11,8,1,5,20,18,4,3,5,4,0,0,2.4,3.1,3.2,2.45,3.1,2.95,2.4,3.2,2.85,2.4,3.1,3.2,2.47,3.25,3.25,2.45,3,3.1,2.5,3.25,3.2,39,2.51,2.44,3.25,3.11,3.25,3.1,31,2.56,2.45,1.59,1.53,24,0,1.75,1.71,2.27,2.18
SP1,23/09/15,Ath Bilbao,Real Madrid,1,2,A,0,1,A,11,22,5,6,17,10,6,8,4,3,0,0,5.25,4.2,1.62,5.5,4.1,1.6,4.8,4.1,1.6,5,4.33,1.62,5.49,4.31,1.65,6,3.75,1.6,5.25,4.33,1.65,40,6,5.29,4.33,4.06,1.67,1.62,29,1.6,1.56,2.49,2.37,26,1,1.85,1.79,2.15,2.07
SP1,23/09/15,Celta,Barcelona,4,1,H,2,0,H,18,18,5,7,19,4,5,10,2,2,0,0,6.5,4.5,1.5,6,4.2,1.55,5.2,4.2,1.55,6,4.33,1.53,6.44,4.85,1.52,6,4.5,1.5,6,4.8,1.53,40,6.5,5.96,4.85,4.42,1.55,1.51,33,1.55,1.48,2.81,2.6,26,1,2.08,2.02,1.87,1.83
SP1,23/09/15,Las Palmas,Sevilla,2,0,H,1,0,H,12,17,4,3,9,13,5,5,3,4,0,0,3.3,3.4,2.2,3.4,3.3,2.2,2.9,3.3,2.3,3.3,3.5,2.15,3.45,3.58,2.22,3.4,3.3,2.15,3.4,3.5,2.25,40,3.5,3.27,3.6,3.41,2.3,2.19,36,1.95,1.88,1.99,1.92,24,0.25,2.02,1.95,1.94,1.89
SP1,23/09/15,Levante,Eibar,2,2,D,0,1,A,12,10,2,4,13,23,4,7,2,5,0,0,2.38,3.1,3.25,2.5,3,2.95,2.4,3.2,2.85,2.5,3,3.2,2.4,3.18,3.46,2.5,2.9,3.2,2.45,3.13,3.4,40,2.5,2.4,3.2,3.06,3.5,3.2,30,2.8,2.67,1.5,1.46,25,0,1.7,1.65,2.39,2.27
SP1,23/09/15,Malaga,Villarreal,0,1,A,0,0,D,15,9,4,3,18,14,8,5,2,3,0,0,2.63,3.3,2.75,2.65,3.2,2.65,2.6,3.2,2.6,2.62,3.1,2.7,2.85,3.33,2.72,2.7,3.1,2.7,2.8,3.3,2.7,40,2.86,2.73,3.4,3.17,2.75,2.66,34,2.35,2.27,1.7,1.62,25,0,2.02,1.94,1.94,1.89
SP1,23/09/15,Vallecano,Sp Gijon,2,1,H,1,0,H,18,5,6,2,14,17,4,4,2,1,0,1,2.25,3.4,3.2,2.25,3.4,3,2.2,3.3,3.1,2.25,3.4,3.3,2.24,3.5,3.47,2.15,3.5,3.25,2.2,3.6,3.4,40,2.25,2.19,3.6,3.38,3.47,3.28,36,2.01,1.92,1.95,1.88,24,0,1.63,1.59,2.5,2.39
SP1,24/09/15,Betis,La Coruna,1,2,A,0,0,D,9,8,2,3,11,22,3,4,3,5,0,0,2.25,3.3,3.3,2.25,3.1,3.25,2,3.3,3.6,2.1,3.3,3.6,2.24,3.41,3.57,2.2,3.2,3.4,2.2,3.4,3.6,38,2.28,2.19,3.41,3.27,3.6,3.41,33,2.25,2.16,1.76,1.68,24,-0.5,2.26,2.18,1.77,1.71
SP1,25/09/15,Valencia,Granada,1,0,H,1,0,H,12,18,5,3,19,20,11,3,3,3,0,0,1.45,4.5,7.5,1.48,4.33,7,1.5,4,6.1,1.44,4.5,7.5,1.47,4.61,8.23,1.44,4.2,8,1.5,4.4,7.5,42,1.5,1.45,4.63,4.36,8.37,7.64,38,1.92,1.84,2.05,1.96,25,-1,1.77,1.73,2.23,2.14
SP1,26/09/15,Barcelona,Las Palmas,2,1,H,1,0,H,18,10,6,6,12,23,3,4,2,4,0,0,1.08,11,26,1.09,11.5,21,1.1,8,20,1.1,11,26,1.11,12.8,26,1.1,9,26,1.07,13,36,41,1.11,1.09,13,10.79,37.07,24.93,34,1.29,1.25,4.33,3.81,24,-2.75,1.98,1.93,2,1.93
SP1,26/09/15,Eibar,Celta,1,1,D,1,0,H,10,9,3,2,25,16,4,4,5,4,0,0,3.75,3.4,2.05,3.5,3.25,2.1,3.6,3.3,2,3.8,3.4,2.05,3.98,3.46,2.08,3.75,3.2,2.1,4,3.4,2.05,40,4,3.76,3.47,3.34,2.1,2.05,36,2.28,2.18,1.72,1.67,25,0.5,1.88,1.84,2.08,2.02
SP1,26/09/15,Real Madrid,Malaga,0,0,D,0,0,D,31,12,9,3,11,10,12,6,4,4,0,1,1.11,10,21,1.13,8.75,20,1.12,8,16,1.14,8.5,21,1.15,9.55,23,1.14,7,21,1.14,9.5,23,41,1.15,1.13,12.5,8.59,26,19.64,35,1.37,1.35,3.4,3.16,24,-2.25,1.98,1.92,2,1.94
SP1,26/09/15,Sevilla,Vallecano,3,2,H,2,0,H,17,18,8,5,9,18,6,5,1,2,0,1,1.44,4.75,7,1.5,4.33,6.5,1.5,4,6.1,1.5,4.33,6.5,1.49,4.76,7.33,1.5,4,7,1.5,4.75,6.5,41,1.57,1.48,4.85,4.44,7.36,6.58,31,1.57,1.53,2.6,2.46,24,-1,1.83,1.78,2.16,2.1
SP1,26/09/15,Villarreal,Ath Madrid,1,0,H,1,0,H,5,9,2,4,11,15,1,5,2,2,0,0,2.9,3.1,2.6,2.9,3.1,2.6,2.7,3.1,2.6,2.9,3.2,2.5,2.96,3.27,2.65,2.9,3,2.62,2.88,3.2,2.75,41,3.03,2.86,3.27,3.08,2.75,2.62,31,2.55,2.44,1.59,1.54,25,0,2.06,1.99,1.92,1.86
SP1,27/09/15,Getafe,Levante,3,0,H,0,0,D,15,10,8,3,11,10,4,4,2,3,0,0,1.95,3.3,4.2,1.95,3.25,4,2,3.3,3.6,2,3.2,4.33,1.94,3.39,4.75,2,3.2,3.75,1.95,3.3,4.6,41,2.05,1.94,3.4,3.27,4.75,4.25,31,2.57,2.46,1.59,1.53,25,-0.5,1.96,1.92,2,1.93
SP1,27/09/15,La Coruna,Espanol,3,0,H,2,0,H,14,7,5,3,11,11,7,5,4,3,0,1,2.1,3.3,3.75,2.1,3.25,3.5,2.1,3.3,3.3,2.15,3.25,3.75,2.08,3.44,4.02,2.1,3.2,3.75,2.1,3.4,3.9,41,2.15,2.08,3.44,3.31,4.02,3.71,36,2.33,2.22,1.7,1.65,24,-0.5,2.1,2.06,1.86,1.8
SP1,27/09/15,Sociedad,Ath Bilbao,0,0,D,0,0,D,14,9,4,2,15,19,4,2,3,4,0,0,2.4,3.2,3,2.5,3.2,2.8,2.5,3.2,2.75,2.5,3.2,2.9,2.54,3.31,3.08,2.6,3.1,2.8,2.5,3.3,3.1,41,2.6,2.48,3.33,3.18,3.1,2.95,34,2.33,2.25,1.7,1.63,24,0,1.79,1.76,2.17,2.11
SP1,27/09/15,Sp Gijon,Betis,1,2,A,1,0,H,19,13,10,5,11,9,10,4,1,1,0,0,2.3,3.2,3.3,2.3,3.1,3.2,2.3,3.2,3,2.3,3.25,3.3,2.36,3.33,3.38,2.3,3.1,3.3,2.3,3.3,3.4,39,2.38,2.28,3.4,3.22,3.41,3.25,34,2.35,2.24,1.7,1.64,23,-0.25,2.02,1.95,1.95,1.91
SP1,02/10/15,Celta,Getafe,0,0,D,0,0,D,18,8,7,2,11,18,9,1,1,5,0,0,1.44,4.5,7.5,1.5,4.1,6.25,1.55,4,5.5,1.5,4.33,6.5,1.48,4.56,7.9,1.5,4,7,1.5,4.5,7.5,42,1.55,1.48,4.56,4.32,7.9,6.84,36,1.87,1.78,2.11,2.02,24,-1,1.84,1.8,2.13,2.07
SP1,03/10/15,Espanol,Sp Gijon,1,2,A,0,1,A,13,12,9,2,17,16,9,1,3,3,0,0,2,3.3,4,2,3.2,3.9,1.9,3.45,3.8,1.95,3.25,4,1.97,3.56,4.33,2.05,3.1,4,2,3.4,4.3,42,2.05,1.98,3.58,3.33,4.3,3.98,35,2.35,2.25,1.67,1.62,24,-0.5,2.01,1.97,1.94,1.89
SP1,03/10/15,Granada,La Coruna,1,1,D,0,1,A,10,14,3,3,13,21,2,5,1,3,0,0,2.6,3.2,2.8,2.6,3,2.85,2.6,3.2,2.6,2.5,3.1,2.8,2.7,3.27,2.9,2.62,3.1,2.8,2.63,3.25,3,42,2.72,2.6,3.27,3.13,3,2.85,33,2.45,2.38,1.63,1.57,25,0,1.88,1.84,2.08,2.01
SP1,03/10/15,Las Palmas,Eibar,0,2,A,0,1,A,18,9,4,4,5,16,3,2,2,2,0,0,2.1,3.3,3.75,2.1,3,3.8,2.1,3.3,3.3,2,3.2,3.8,2.1,3.36,4.06,2.1,3.2,3.75,2.05,3.4,4.1,43,2.2,2.08,3.4,3.23,4.1,3.79,35,2.42,2.34,1.64,1.58,24,-0.25,1.82,1.78,2.17,2.1
SP1,03/10/15,Malaga,Sociedad,3,1,H,2,1,H,11,13,7,5,15,16,2,4,3,2,1,0,2.38,3.1,3.3,2.4,3.1,3,2.4,3.3,2.75,2.3,3.1,3.2,2.4,3.23,3.41,2.4,3.1,3.1,2.4,3.25,3.3,43,2.43,2.37,3.3,3.12,3.41,3.2,34,2.55,2.41,1.6,1.54,24,-0.25,2.06,2.01,1.9,1.85
SP1,03/10/15,Sevilla,Barcelona,2,1,H,0,0,D,12,28,5,9,16,16,7,9,5,3,0,0,4,3.6,1.91,4.2,3.5,1.9,3.5,3.4,2,3.8,3.8,1.85,4.23,3.9,1.89,4.33,3.1,1.95,4.1,3.9,1.91,43,4.33,3.96,3.94,3.68,2,1.88,35,1.71,1.63,2.36,2.25,24,0.5,2.06,2,1.93,1.86
SP1,04/10/15,Ath Bilbao,Valencia,3,1,H,1,1,D,16,9,7,4,12,9,11,4,0,4,0,0,2.3,3.3,3.2,2.3,3.4,3.2,2.3,3.3,2.9,2.3,3.2,3.1,2.39,3.37,3.29,2.4,3.1,3.1,2.38,3.4,3.25,43,2.41,2.35,3.4,3.23,3.3,3.11,35,2.28,2.22,1.7,1.65,23,0,1.71,1.67,2.31,2.24
SP1,04/10/15,Ath Madrid,Real Madrid,1,1,D,0,1,A,18,9,4,2,19,12,5,1,6,4,0,0,3.2,3.3,2.3,3.1,3.1,2.45,2.75,3.2,2.5,3,3.25,2.3,3.23,3.4,2.4,2.9,3.1,2.5,3.13,3.4,2.45,43,3.3,3.06,3.4,3.25,2.5,2.38,37,2.1,2.04,1.83,1.76,23,0.25,1.88,1.84,2.07,2.02
SP1,04/10/15,Levante,Villarreal,1,0,H,0,0,D,15,3,5,2,15,17,8,2,4,3,0,1,4.33,3.4,1.91,4.4,3.5,1.85,4.2,3.5,1.8,4.2,3.3,1.91,4.53,3.46,1.96,4.33,3.1,1.95,4.4,3.6,1.93,41,4.57,4.24,3.6,3.38,1.96,1.91,34,2.35,2.22,1.71,1.64,24,0.5,2.01,1.95,1.96,1.91
SP1,04/10/15,Vallecano,Betis,0,2,A,0,1,A,23,9,9,6,13,14,8,3,4,2,0,0,2.2,3.5,3.2,2.1,3.4,3.3,2.2,3.2,3.2,2.1,3.6,3.25,2.16,3.8,3.42,2.15,3.5,3.2,2.2,3.8,3.3,42,2.25,2.14,3.81,3.55,3.42,3.26,35,1.71,1.66,2.31,2.19,24,-0.25,1.9,1.86,2.06,2
SP1,17/10/15,Barcelona,Vallecano,5,2,H,2,1,H,14,22,9,8,8,15,7,10,1,2,0,0,1.14,9,15,1.17,8.25,13.5,1.17,6.5,14,1.14,8.5,17,1.15,9.84,18.9,1.17,7,17,1.15,9.5,19,44,1.18,1.15,9.91,8.42,19.35,16.07,36,1.3,1.25,4.4,3.83,27,-2.5,2.07,2.02,1.89,1.84
SP1,17/10/15,Betis,Espanol,1,3,A,0,1,A,21,13,6,4,18,21,4,3,2,4,0,0,2,3.3,4,2.1,3.2,3.6,2,3.3,3.6,2,3.25,3.8,2.06,3.49,4.05,2.1,3.2,3.75,2.05,3.5,4,44,2.1,2.03,3.5,3.33,4.07,3.82,39,2.2,2.11,1.77,1.71,26,-0.5,2.07,2.01,1.89,1.85
SP1,17/10/15,Eibar,Sevilla,1,1,D,1,0,H,14,15,4,5,16,9,2,5,3,3,0,0,3.6,3.4,2.1,3.4,3.3,2.2,3.2,3.2,2.2,3.5,3.3,2.05,3.76,3.54,2.12,3.5,3.1,2.2,3.6,3.5,2.2,44,3.76,3.46,3.57,3.36,2.2,2.14,39,2.12,2.03,1.84,1.78,25,0.5,1.81,1.75,2.17,2.13
SP1,17/10/15,Real Madrid,Levante,3,0,H,2,0,H,20,15,6,5,8,10,4,4,1,4,0,0,1.08,12,23,1.1,10.5,23,1.07,9.5,22,1.1,10,26,1.1,13,32,1.1,9,26,1.08,13,34,44,1.11,1.09,13.36,10.88,34,25.79,37,1.31,1.28,4.1,3.6,26,-2.5,1.84,1.79,2.13,2.07
SP1,17/10/15,Valencia,Malaga,3,0,H,2,0,H,6,10,3,3,18,21,6,8,3,3,0,0,1.62,3.75,6,1.65,3.8,5.5,1.6,3.7,5.4,1.62,3.8,5.5,1.65,4.09,5.91,1.67,3.4,6,1.62,4.1,6.25,44,1.67,1.62,4.16,3.84,6.25,5.73,39,2.06,1.98,1.9,1.82,27,-1,2.17,2.09,1.82,1.78
SP1,18/10/15,Getafe,Las Palmas,4,0,H,2,0,H,14,16,7,3,18,15,5,1,2,1,0,1,2.15,3.2,3.6,2.15,3.1,3.6,2.1,3.3,3.3,2.1,3.1,3.6,2.18,3.31,3.86,2.2,3.1,3.5,2.2,3.3,3.75,44,2.2,2.14,3.4,3.18,3.87,3.65,39,2.49,2.37,1.64,1.57,25,-0.25,1.88,1.84,2.08,2.02
SP1,18/10/15,La Coruna,Ath Bilbao,2,2,D,0,1,A,16,7,3,2,8,18,4,6,2,2,0,0,2.7,3.1,2.8,2.75,2.95,2.9,2.6,3.2,2.6,2.62,3,2.75,2.74,3.26,2.87,2.7,3,2.8,2.7,3.25,2.88,44,2.75,2.67,3.3,3.09,2.9,2.8,36,2.45,2.35,1.61,1.57,26,0,1.93,1.88,2.01,1.96
SP1,18/10/15,Sociedad,Ath Madrid,0,2,A,0,1,A,11,7,1,3,14,11,5,2,4,5,2,0,4,3.2,2.05,3.7,3.25,2.1,3.3,3.3,2.1,4,3.1,2,4.37,3.27,2.06,4.2,3,2.05,4.3,3.3,2.05,44,4.44,4.03,3.33,3.18,2.1,2.04,34,2.74,2.59,1.55,1.48,26,0.5,1.88,1.84,2.07,2.03
SP1,18/10/15,Villarreal,Celta,1,2,A,0,1,A,12,13,3,2,10,12,7,4,1,3,1,0,2,3.5,3.75,2.05,3.4,3.5,2,3.3,3.6,2,3.4,3.6,2.01,3.67,4,2.1,3.2,3.75,2.05,3.7,3.75,43,2.1,2.01,3.7,3.48,4,3.7,38,1.85,1.78,2.09,2.01,25,-0.5,2.05,2,1.92,1.86
SP1,19/10/15,Sp Gijon,Granada,3,3,D,1,2,A,16,14,6,7,10,13,6,1,3,4,0,2,2,3.2,4.2,2.05,3.2,3.7,2.1,3.1,3.5,1.95,3.25,4,2.05,3.39,4.23,2.05,3.1,4,2,3.4,4.33,42,2.1,2.02,3.4,3.26,4.33,3.98,36,2.46,2.37,1.63,1.57,24,-0.5,2.07,2,1.93,1.86
SP1,23/10/15,Vallecano,Espanol,3,0,H,1,0,H,13,9,7,3,15,11,6,5,2,1,1,1,2.2,3.4,3.2,2.25,3.5,3.2,2.3,3.3,2.9,2.1,3.4,3.3,2.2,3.61,3.46,2.2,3.4,3.2,2.2,3.6,3.5,42,2.3,2.19,3.62,3.45,3.5,3.28,38,2,1.92,1.95,1.89,22,-0.5,2.23,2.16,1.79,1.74
SP1,24/10/15,Celta,Real Madrid,1,3,A,0,2,A,17,14,7,8,17,16,5,7,4,1,1,0,3.8,3.8,1.91,3.9,3.9,1.95,3.8,3.6,1.85,3.6,3.8,1.85,4.02,4.04,1.91,3.75,3.5,1.95,3.9,4,1.93,42,4.12,3.82,4.08,3.79,1.95,1.89,31,1.55,1.53,2.6,2.46,23,0.5,2.03,1.97,1.93,1.89
SP1,24/10/15,Granada,Betis,1,1,D,1,1,D,17,7,7,2,8,11,3,3,3,3,0,0,2.3,3.25,3.25,2.35,3.25,3,2.4,3.3,2.75,2.3,3.2,3.1,2.34,3.4,3.35,2.4,3.1,3.1,2.3,3.4,3.3,42,2.41,2.32,3.42,3.26,3.35,3.16,37,2.25,2.14,1.78,1.69,22,0,1.72,1.66,2.39,2.27
SP1,24/10/15,Malaga,La Coruna,2,0,H,0,0,D,9,10,4,1,11,10,3,5,0,1,0,0,2.25,3.25,3.4,2.35,3.1,3.1,2.2,3.2,3.2,2.25,3.2,3.25,2.36,3.36,3.36,2.38,3.1,3.1,2.3,3.4,3.4,42,2.4,2.29,3.4,3.24,3.48,3.24,35,2.3,2.22,1.7,1.64,22,-0.25,2.01,1.95,1.96,1.9
SP1,24/10/15,Sevilla,Getafe,5,0,H,2,0,H,22,6,13,0,18,15,7,3,1,1,0,1,1.44,4.33,8,1.48,4.33,7,1.5,4,6.1,1.44,4.2,7,1.5,4.61,7.39,1.5,4,7,1.5,4.6,7.5,42,1.51,1.47,4.65,4.31,8,7.14,37,1.77,1.72,2.19,2.11,23,-1,1.84,1.77,2.16,2.1
SP1,25/10/15,Barcelona,Eibar,3,1,H,1,1,D,14,7,5,5,14,18,6,2,3,5,1,0,1.11,10,19,1.11,9.5,21,1.1,8,20,1.11,10,21,1.13,11,23,1.14,7,21,1.11,11,31,41,1.14,1.11,11.54,9.33,31,21.88,35,1.33,1.3,3.75,3.48,22,-2.5,1.9,1.86,2.05,2
SP1,25/10/15,Las Palmas,Villarreal,0,0,D,0,0,D,6,5,2,0,12,14,6,6,1,2,0,0,3.5,3.25,2.2,3.25,3.25,2.2,3.3,3.3,2.1,3.5,3.25,2.1,3.72,3.42,2.18,3.5,3.1,2.2,3.6,3.4,2.2,42,3.77,3.51,3.42,3.27,2.2,2.15,36,2.28,2.18,1.72,1.67,22,0.5,1.78,1.75,2.2,2.14
SP1,25/10/15,Levante,Sociedad,0,4,A,0,2,A,13,13,3,6,24,15,10,3,4,3,1,0,2.63,3.2,2.8,2.7,3,2.75,2.6,3.2,2.6,2.62,2.9,2.8,2.78,3.1,2.97,2.7,3.1,2.7,2.75,3.13,2.9,42,2.78,2.68,3.2,3.04,3,2.83,31,2.71,2.55,1.53,1.49,23,0,1.91,1.87,2.04,1.99
SP1,25/10/15,Ath Madrid,Valencia,2,1,H,2,0,H,16,6,8,1,26,10,9,2,4,4,0,0,1.57,3.8,6.5,1.57,4,6.5,1.65,3.7,4.9,1.57,3.75,6.5,1.58,4.05,7.06,1.62,3.3,7,1.57,4,7,42,1.65,1.57,4.08,3.81,7.07,6.5,36,2.3,2.2,1.72,1.66,23,-1,2.09,2.04,1.88,1.82
SP1,26/10/15,Ath Bilbao,Sp Gijon,3,0,H,2,0,H,20,6,6,0,8,15,9,3,1,3,0,0,1.53,4,7,1.55,4,6.5,1.6,3.7,5.4,1.5,4,6.5,1.55,4.31,6.95,1.57,3.5,7,1.55,4.2,7,40,1.6,1.53,4.33,3.97,7,6.58,36,2.2,1.99,1.9,1.8,21,-1,2,1.94,1.96,1.91
SP1,30/10/15,La Coruna,Ath Madrid,1,1,D,0,1,A,7,12,3,3,4,9,1,5,2,0,0,0,5.5,3.4,1.7,5.75,3.6,1.7,4.5,3.5,1.75,5.5,3.5,1.75,5.54,3.62,1.78,5,3.5,1.73,5.5,3.7,1.75,47,6,5.23,3.7,3.46,1.8,1.75,39,2.47,2.36,1.65,1.58,27,0.5,2.2,2.13,1.79,1.75
SP1,31/10/15,Getafe,Barcelona,0,2,A,0,1,A,6,14,0,6,10,3,3,5,3,0,0,0,10,5.75,1.29,8.75,5.5,1.3,8,5,1.33,9.5,5.5,1.3,11.4,6.08,1.3,9,5,1.33,11,6,1.3,48,12,9.9,6.12,5.52,1.33,1.3,36,1.55,1.5,2.73,2.54,30,1.5,2.07,2,1.91,1.86
SP1,31/10/15,Real Madrid,Las Palmas,3,1,H,3,1,H,17,8,11,5,12,9,6,3,0,3,0,0,1.09,11,23,1.1,9.25,18,1.05,11,25,1.1,10,26,1.11,13,26,1.1,9,26,1.1,12,31,47,1.12,1.1,13.09,10.21,35.22,24.33,36,1.29,1.25,4.2,3.84,28,-2.5,1.85,1.8,2.11,2.06
SP1,31/10/15,Sociedad,Celta,2,3,A,2,1,H,20,16,5,8,9,12,8,7,2,5,0,0,2.7,3.2,2.75,2.7,3.2,2.75,2.6,3.2,2.6,2.5,3.25,2.7,2.79,3.31,2.79,2.7,3.1,2.7,2.75,3.3,2.75,47,2.8,2.68,3.31,3.21,2.81,2.7,41,2.08,1.98,1.92,1.82,28,0,1.98,1.91,1.98,1.93
SP1,31/10/15,Valencia,Levante,3,0,H,0,0,D,13,10,6,5,19,21,5,5,2,3,0,0,1.44,4.5,7.5,1.45,4.1,7.5,1.4,4.4,7.3,1.44,4.2,7.5,1.46,4.6,8.39,1.44,4.2,8,1.45,4.6,8.5,48,1.5,1.44,4.68,4.35,8.5,7.67,42,2.05,1.94,1.93,1.85,28,-1.5,2.38,2.31,1.67,1.64
SP1,31/10/15,Villarreal,Sevilla,2,1,H,1,0,H,11,6,5,3,17,14,7,5,5,3,0,0,2.25,3.4,3.25,2.25,3.4,3.25,2.2,3.3,3.1,2.2,3.3,3.2,2.24,3.53,3.44,2.25,3.1,3.4,2.25,3.5,3.4,48,2.27,2.21,3.52,3.35,3.46,3.28,42,1.96,1.87,1.98,1.92,28,-0.5,2.26,2.19,1.76,1.71
SP1,01/11/15,Eibar,Vallecano,1,0,H,1,0,H,12,6,1,2,17,11,2,6,2,3,0,0,2.2,3.4,3.3,2.2,3.3,3.2,2.1,3.3,3.3,2.1,3.3,3.5,2.23,3.48,3.53,2.15,3.1,3.6,2.15,3.5,3.6,48,2.27,2.15,3.54,3.36,3.6,3.43,42,2.08,1.98,1.89,1.82,28,-0.5,2.23,2.11,1.8,1.76
SP1,01/11/15,Espanol,Granada,1,1,D,0,0,D,10,9,4,5,16,19,5,6,1,6,1,0,2,3.3,4,2,3.3,3.8,2,3.3,3.6,1.95,3.25,3.8,2.04,3.45,4.17,2,3.2,4,2,3.5,4.1,48,2.06,1.99,3.5,3.34,4.4,3.93,41,2.29,2.18,1.74,1.67,29,-0.5,2.04,1.98,1.92,1.87
SP1,01/11/15,Sp Gijon,Malaga,1,0,H,1,0,H,8,13,6,5,11,8,7,5,1,3,0,0,2.38,3.2,3.2,2.4,3,3.1,2.3,3.2,3,2.3,3.1,3.1,2.44,3.33,3.23,2.4,3.1,3.1,2.4,3.3,3.25,48,2.5,2.37,3.35,3.22,3.3,3.1,40,2.32,2.18,1.73,1.66,28,0,1.73,1.67,2.29,2.24
SP1,01/11/15,Betis,Ath Bilbao,1,3,A,0,2,A,11,23,3,9,9,13,7,9,2,4,0,0,3.25,3.25,2.3,3.2,3,2.35,2.9,3.3,2.3,3.1,3.25,2.25,3.32,3.43,2.34,3.2,3.2,2.3,3.4,3.4,2.3,48,3.4,3.15,3.45,3.29,2.38,2.3,41,2.17,2.09,1.83,1.72,28,0,2.38,2.28,1.71,1.65
